0,1,2,3,4,5,6,7,8,9,10,11,12,13
-0.2,0.98,0.12,0.99,-0.2,-1.01,0.12,-0.97,8.231218007328128,4.1,-1.46,152.98,-52.13,161.16
-0.27,0.96,0.16,0.96,-0.26,-0.98,0.16,-0.95,7.762116590914624,3.14,-0.11,248.48,-3.92,141.18
-0.19,0.98,0.11,1.24,-0.19,-1.32,0.12,-1.04,7.545910847670925,1.43,0.72,295.89,38.12,61.2
-0.23,0.97,0.13,1.45,-0.22,-1.59,0.14,-1.08,3.1118695970257324,3.13,-5.3,1159.26,-48.3,148.38
-0.32,0.95,0.2,1.0,-0.33,-1.03,0.2,-0.95,8.267329939050809,1.73,0.39,142.46,16.94,81.37
-0.39,0.92,0.24,0.94,-0.39,-0.95,0.24,-0.92,9.689313691182345,0.55,-0.36,-136.99,-14.88,6.22
-0.44,0.9,0.23,1.6,-0.4,-1.78,0.27,-1.06,7.734463521173955,1.86,-2.08,249.11,-27.55,76.47
-0.38,0.92,0.23,0.95,-0.38,-0.97,0.23,-0.92,8.05776991420798,0.44,-0.3,182.87,-10.08,44.18
-0.19,0.98,0.11,1.24,-0.19,-1.32,0.12,-1.04,8.220831968110268,1.28,0.78,158.55,33.9,49.35
-0.06,1.0,0.04,1.05,-0.06,-1.08,0.04,-1.0,9.168715150974124,-0.07,1.45,-33.64,50.83,-2.45
-0.47,0.88,0.28,1.23,-0.47,-1.33,0.29,-0.95,9.635869693735128,2.63,1.56,-129.27,45.32,74.1
-0.44,0.9,0.26,1.09,-0.43,-1.15,0.27,-0.94,2.2986835552247644,-0.62,-4.09,1351.72,-78.4,170.9
-0.4,0.92,0.23,1.47,-0.38,-1.63,0.25,-1.04,4.0764862479169315,0.27,-2.16,957.15,30.28,105.63
-0.42,0.91,0.23,1.66,-0.38,-1.86,0.27,-1.08,2.4593625604618907,1.58,-5.06,1337.52,28.71,167.23
-0.36,0.93,0.19,1.69,-0.33,-1.89,0.22,-1.1,8.791256187926905,7.75,-0.65,40.79,-10.49,204.5
-0.4,0.92,0.24,1.24,-0.4,-1.34,0.25,-0.99,3.0502347076014957,2.07,-3.43,1157.24,-29.51,199.27
-0.44,0.9,0.25,1.53,-0.42,-1.7,0.27,-1.04,8.678836720572109,2.17,1.42,62.66,48.47,70.27
-0.26,0.97,0.15,0.98,-0.25,-1.0,0.16,-0.96,8.184368298667298,2.82,0.74,164.1,27.27,120.34
-0.42,0.91,0.23,1.41,-0.39,-1.55,0.26,-1.02,7.250612611812299,3.09,-0.05,341.62,29.28,129.07
-0.36,0.93,0.19,1.69,-0.33,-1.89,0.22,-1.1,9.850922288778637,8.43,-0.26,-166.28,-23.25,208.34
-0.08,1.0,0.05,1.48,-0.08,-1.62,0.05,-1.1,2.3755239448721497,6.87,-5.69,1287.54,-46.3,205.46
-0.42,0.91,0.22,1.67,-0.38,-1.87,0.26,-1.08,9.227713285587779,6.94,2.17,-46.37,54.59,182.37
-0.19,0.98,0.11,1.24,-0.19,-1.32,0.12,-1.04,3.533200625616719,2.43,0.29,1112.44,63.22,131.62
-0.3,0.95,0.18,1.41,-0.29,-1.53,0.18,-1.05,7.784264988157188,1.78,-2.51,237.75,-53.31,71.99
-0.41,0.91,0.24,1.03,-0.41,-1.07,0.25,-0.93,5.17461225470509,-0.49,-0.84,758.04,-8.69,87.25
-0.35,0.94,0.2,1.74,-0.33,-1.95,0.21,-1.12,1.2807572173169457,3.91,-3.17,1511.12,100.79,207.08
-0.14,0.99,0.08,1.47,-0.14,-1.61,0.09,-1.1,9.973606634557065,5.42,0.59,-196.0,3.52,148.66
-0.14,0.99,0.08,1.47,-0.14,-1.61,0.09,-1.1,9.867797532822213,5.43,0.55,-174.7,3.94,149.56
-0.35,0.94,0.2,1.32,-0.33,-1.42,0.22,-1.02,8.785046948416293,0.69,1.08,41.8,37.87,27.35
-0.23,0.97,0.14,1.25,-0.23,-1.33,0.14,-1.03,4.166355716709425,2.42,0.79,973.86,73.91,137.04
-0.25,0.97,0.14,1.04,-0.24,-1.07,0.16,-0.98,3.043945656259921,1.16,-0.16,1154.3,14.42,131.53
-0.08,1.0,0.05,1.48,-0.08,-1.62,0.05,-1.1,8.509528808399512,5.41,-0.51,95.33,-5.04,153.63
-0.48,0.88,0.25,1.52,-0.43,-1.69,0.3,-1.02,9.510141483467523,5.19,-1.75,-101.18,-60.03,139.2
-0.11,0.99,0.07,1.44,-0.11,-1.57,0.07,-1.09,0.4983591138578103,7.15,-1.78,1680.71,78.69,230.68
-0.3,0.95,0.19,1.11,-0.31,-1.16,0.18,-0.98,9.366446143395825,2.1,0.42,-72.52,13.34,69.05
-0.05,1.0,0.03,1.05,-0.05,-1.07,0.03,-1.0,4.230843246954778,4.63,-1.3,949.62,-31.97,168.67
-0.12,0.99,0.07,1.08,-0.12,-1.12,0.07,-1.01,9.716540973515412,0.1,-0.95,-140.76,-35.28,-0.74
-0.08,1.0,0.05,1.29,-0.08,-1.38,0.05,-1.06,9.832086004617391,4.15,1.04,-165.61,25.16,127.07
-0.13,0.99,0.07,1.62,-0.12,-1.8,0.08,-1.13,3.921727499598522,4.8,-2.28,1019.9,42.67,146.7
-0.18,0.98,0.1,1.74,-0.16,-1.95,0.11,-1.16,5.303344748962202,2.18,-3.96,745.76,-12.71,80.47
-0.22,0.98,0.11,2.06,-0.19,-2.35,0.14,-1.22,2.9820558481319157,6.19,-10.19,1231.37,-39.95,174.03
-0.26,0.97,0.15,0.98,-0.25,-1.0,0.16,-0.96,7.227234422875261,2.78,0.83,356.68,31.32,133.31
-0.44,0.9,0.25,1.53,-0.42,-1.7,0.27,-1.04,0.8124302132340866,-0.01,-10.38,1597.47,-104.55,172.09
-0.19,0.98,0.11,1.24,-0.19,-1.32,0.12,-1.04,8.439842163087516,1.22,0.81,113.99,32.53,45.51
-0.28,0.96,0.16,1.27,-0.27,-1.37,0.17,-1.03,7.486889425151872,0.84,-0.4,295.57,5.98,50.09
-0.1,0.99,0.06,1.39,-0.1,-1.5,0.06,-1.08,9.100092137935086,6.2,-0.17,-20.26,-4.74,181.81
-0.32,0.95,0.2,1.0,-0.33,-1.03,0.2,-0.95,5.796128948199915,1.01,0.4,622.94,23.85,105.44
-0.3,0.95,0.19,1.11,-0.31,-1.16,0.18,-0.98,7.715564461763636,1.75,0.05,254.2,10.67,86.28
-0.44,0.9,0.26,1.09,-0.43,-1.15,0.27,-0.94,4.0491118094105,0.81,-2.56,998.64,-44.87,169.57
-0.43,0.9,0.25,1.72,-0.41,-1.94,0.26,-1.09,6.250302633567204,1.61,-0.83,558.99,47.69,95.33
-0.3,0.95,0.18,1.41,-0.29,-1.53,0.18,-1.05,8.410456352233128,1.68,-2.16,115.29,-52.85,60.1
-0.22,0.98,0.13,1.04,-0.21,-1.07,0.14,-0.98,1.2566556711367816,1.69,-1.61,1561.43,-27.84,163.06
-0.26,0.96,0.16,1.23,-0.26,-1.31,0.16,-1.02,9.224197534843697,0.04,-0.96,-43.7,-32.03,-0.64
-0.43,0.9,0.25,1.19,-0.41,-1.27,0.26,-0.96,2.214467467798814,0.01,-0.89,1356.7,48.37,174.49
-0.24,0.97,0.15,1.02,-0.25,-1.04,0.15,-0.97,7.192376188067312,2.87,1.84,367.46,69.93,133.04
-0.48,0.88,0.25,1.76,-0.42,-1.99,0.3,-1.08,1.9364780152767869,0.94,-12.4,1427.14,-107.55,166.24
-0.25,0.97,0.14,1.04,-0.24,-1.07,0.16,-0.98,2.345544660101868,1.27,-0.02,1289.66,21.3,145.75
-0.32,0.95,0.19,1.19,-0.32,-1.26,0.2,-0.99,8.452802405149802,4.18,-1.79,110.1,-52.39,150.77
-0.46,0.89,0.25,1.34,-0.42,-1.47,0.29,-0.99,6.011812967781226,2.71,-1.02,579.94,17.25,154.73
-0.28,0.96,0.16,1.8,-0.27,-2.03,0.17,-1.15,2.923860969388117,3.5,-10.94,1214.9,-102.8,152.21
-0.27,0.96,0.15,1.81,-0.25,-2.04,0.17,-1.15,3.6201400530530425,3.64,-3.68,1059.19,40.97,144.04
-0.08,1.0,0.05,1.11,-0.08,-1.15,0.05,-1.02,6.871482912008691,3.09,-0.6,419.16,-9.47,114.52
-0.3,0.95,0.19,1.11,-0.31,-1.16,0.18,-0.98,2.0205700319246644,0.43,-1.37,1381.27,1.48,145.69
-0.39,0.92,0.23,1.25,-0.38,-1.34,0.24,-0.99,3.801896626879695,-0.18,-2.64,1042.74,-15.88,112.54
-0.55,0.83,0.29,1.73,-0.49,-1.96,0.35,-1.04,2.9067119909750385,1.99,-2.23,1242.54,111.18,203.1
-0.43,0.9,0.24,1.38,-0.4,-1.51,0.27,-1.01,3.2065660931123507,0.86,-5.86,1136.05,-69.45,152.37
-0.19,0.98,0.11,1.5,-0.18,-1.65,0.11,-1.1,9.139722321231623,6.97,1.02,-27.17,28.47,194.75
-0.37,0.93,0.22,1.01,-0.36,-1.04,0.23,-0.94,2.386412906002037,0.4,-2.93,1292.48,-75.45,171.72
-0.29,0.96,0.15,1.46,-0.26,-1.59,0.18,-1.07,2.6726687414637516,3.31,-5.33,1292.03,-35.53,177.74
-0.14,0.99,0.08,1.47,-0.14,-1.61,0.09,-1.1,3.2707219332790616,6.26,-2.29,1153.37,30.35,205.25
-0.15,0.99,0.08,1.84,-0.14,-2.07,0.09,-1.18,8.04939477215672,4.92,-1.2,186.84,-4.55,122.48
-0.32,0.95,0.2,1.0,-0.33,-1.03,0.2,-0.95,2.741544881891528,0.06,0.41,1216.85,32.39,135.19
-0.28,0.96,0.16,1.27,-0.27,-1.37,0.17,-1.03,5.155284844189972,0.87,-2.47,751.03,-30.2,84.68
-0.49,0.87,0.26,1.86,-0.44,-2.12,0.31,-1.1,1.6760920898645693,1.7,-12.17,1435.16,-71.57,182.41
-0.13,0.99,0.07,1.49,-0.12,-1.63,0.08,-1.1,4.736313998518517,5.52,-2.05,827.15,11.74,172.4
-0.35,0.94,0.2,1.32,-0.33,-1.42,0.22,-1.02,6.754172234452084,0.72,-1.08,436.71,-2.16,64.63
-0.13,0.99,0.08,1.46,-0.13,-1.59,0.08,-1.09,2.6970328176519587,5.1,-4.06,1282.83,-8.61,174.98
-0.27,0.96,0.16,1.53,-0.26,-1.68,0.16,-1.09,6.89089463802636,0.82,-1.28,431.74,5.94,50.93
-0.47,0.88,0.28,1.23,-0.47,-1.33,0.29,-0.95,8.52240623667109,2.05,1.34,97.1,52.24,84.99
-0.47,0.88,0.25,1.86,-0.43,-2.11,0.3,-1.1,1.3436665086953192,1.65,-10.26,1515.21,-21.99,185.01
-0.38,0.93,0.21,1.34,-0.35,-1.46,0.23,-1.02,3.1451638504166946,1.51,-2.35,1198.99,20.5,164.17
-0.15,0.99,0.08,1.84,-0.14,-2.07,0.09,-1.18,5.255665716392144,5.71,-3.29,735.96,11.43,152.88
-0.09,1.0,0.05,1.53,-0.09,-1.68,0.06,-1.11,8.208484763336363,6.12,-1.62,161.51,-28.79,169.4
-0.08,1.0,0.05,1.11,-0.08,-1.15,0.05,-1.02,2.743158124345041,4.59,-2.23,1232.13,-40.79,176.99
-0.44,0.9,0.23,1.75,-0.39,-1.97,0.28,-1.09,6.132022035982235,0.25,-3.09,562.94,-5.49,59.98
-0.26,0.96,0.15,1.24,-0.25,-1.32,0.16,-1.02,8.80946061079951,2.76,0.8,37.27,28.16,92.97
-0.37,0.93,0.22,1.01,-0.36,-1.04,0.23,-0.94,3.606082265908123,1.06,-2.24,1054.12,-57.65,166.2
-0.42,0.91,0.23,1.66,-0.38,-1.86,0.27,-1.08,7.473067472302541,4.02,-0.56,312.25,22.56,136.14
-0.12,0.99,0.06,1.87,-0.1,-2.1,0.07,-1.19,8.154899166628715,7.1,0.24,164.69,27.98,170.28
-0.43,0.9,0.25,1.19,-0.41,-1.27,0.26,-0.96,5.030181247455857,1.11,0.12,793.73,48.69,139.04
-0.15,0.99,0.09,1.43,-0.15,-1.56,0.09,-1.08,3.5874647751426734,5.23,-1.5,1061.83,39.4,181.66
-0.06,1.0,0.03,1.01,-0.06,-1.03,0.04,-0.99,2.2710926568753145,4.56,-2.7,1337.09,-83.99,177.62
-0.53,0.85,0.31,1.61,-0.51,-1.81,0.32,-1.02,2.9954762834018123,0.23,-7.09,1181.93,-37.2,158.58
-0.35,0.94,0.2,1.74,-0.33,-1.95,0.21,-1.12,8.988869260510878,3.15,-0.17,2.18,-1.96,81.08
-0.11,0.99,0.07,1.44,-0.11,-1.57,0.07,-1.09,4.764802549140935,7.03,-1.33,837.27,26.76,214.4
-0.4,0.92,0.23,1.47,-0.38,-1.63,0.25,-1.04,7.54573982916439,0.85,-1.92,282.71,-26.88,54.62
-0.2,0.98,0.12,1.87,-0.19,-2.11,0.13,-1.18,7.321291185998447,4.48,-0.0,343.52,42.91,118.43
-0.19,0.98,0.11,1.25,-0.18,-1.34,0.11,-1.04,3.0337201912891465,4.03,-1.61,1157.52,11.76,177.77
-0.44,0.9,0.26,1.09,-0.43,-1.15,0.27,-0.94,3.7558581222374943,0.58,-2.81,1057.79,-50.49,169.79
-0.25,0.97,0.14,1.57,-0.23,-1.74,0.16,-1.1,3.2861786309583962,3.46,-5.2,1156.28,-22.03,154.95
-0.4,0.92,0.24,1.24,-0.4,-1.34,0.25,-0.99,3.352408937470525,2.15,-3.22,1098.47,-27.12,195.33
-0.1,0.99,0.06,1.39,-0.1,-1.5,0.06,-1.08,2.2732405761805694,6.81,-3.58,1361.36,-5.36,219.34
-0.42,0.91,0.23,1.66,-0.38,-1.86,0.27,-1.08,7.608955367943963,4.07,-0.44,284.46,22.39,135.29
-0.53,0.85,0.31,1.61,-0.51,-1.81,0.32,-1.02,8.751871372531957,1.48,1.25,48.84,42.85,50.39
-0.26,0.96,0.16,1.23,-0.26,-1.31,0.16,-1.02,0.8890529325694752,0.9,-0.52,1581.02,64.36,146.93
-0.29,0.96,0.15,1.46,-0.26,-1.59,0.18,-1.07,9.011002186674489,5.96,1.58,-2.25,46.0,172.78
-0.2,0.98,0.12,0.99,-0.2,-1.01,0.12,-0.97,6.708439438262955,3.86,-1.74,455.99,-59.35,168.68
-0.14,0.99,0.08,1.47,-0.14,-1.61,0.09,-1.1,7.123684266599767,5.76,-0.58,377.72,14.93,172.72
-0.26,0.96,0.16,1.23,-0.26,-1.31,0.16,-1.02,4.572094267507762,0.5,-0.73,863.11,21.77,81.72
-0.28,0.96,0.16,1.8,-0.27,-2.03,0.17,-1.15,8.705258205956506,1.66,-1.8,58.93,-34.37,45.11
-0.32,0.95,0.19,1.19,-0.32,-1.26,0.2,-0.99,5.922924269139456,2.91,-2.26,619.14,-41.92,153.89
-0.27,0.96,0.16,1.53,-0.26,-1.68,0.16,-1.09,7.114560955727372,0.79,-1.21,385.96,3.7,47.04
-0.13,0.99,0.08,1.46,-0.13,-1.59,0.08,-1.09,3.7000627882764805,4.51,-3.17,1078.69,-1.4,154.73
-0.33,0.94,0.18,1.76,-0.3,-1.98,0.2,-1.13,1.351808828622496,4.84,-4.37,1554.79,84.02,217.35
-0.43,0.9,0.24,1.34,-0.4,-1.47,0.27,-1.0,1.6943886442411082,-0.42,-3.67,1496.5,14.18,160.98
-0.42,0.91,0.24,1.44,-0.4,-1.59,0.26,-1.03,9.123934632667396,0.82,-2.05,-24.06,-60.61,23.35
-0.16,0.99,0.1,1.29,-0.16,-1.38,0.1,-1.05,2.1104381659486258,2.72,-2.23,1371.58,11.89,137.37
-0.06,1.0,0.04,1.05,-0.06,-1.08,0.04,-1.0,7.19017322048355,1.12,1.79,360.88,66.62,46.27
-0.3,0.95,0.18,1.41,-0.29,-1.53,0.18,-1.05,2.239060555955883,2.71,-5.88,1322.17,-57.39,177.32
-0.27,0.96,0.16,0.96,-0.26,-0.98,0.16,-0.95,6.973192342110134,3.03,-0.04,406.84,-1.23,149.3
-0.25,0.97,0.14,1.57,-0.23,-1.74,0.16,-1.1,8.430038913049016,0.86,-0.87,115.34,-11.0,31.36
-0.1,0.99,0.06,1.39,-0.1,-1.5,0.06,-1.08,3.3705132230643207,6.68,-2.98,1139.29,-5.26,213.3
-0.42,0.91,0.23,1.41,-0.39,-1.55,0.26,-1.02,8.596012853722288,3.37,1.49,78.89,52.85,111.04
-0.26,0.97,0.15,0.98,-0.25,-1.0,0.16,-0.96,2.4265400280900797,2.52,1.34,1322.56,51.64,198.38
-0.47,0.88,0.28,1.23,-0.47,-1.33,0.29,-0.95,1.449061017622546,-2.1,-0.27,1535.11,96.18,154.15
-0.1,1.0,0.05,1.84,-0.09,-2.07,0.06,-1.19,7.48854891965895,2.34,-2.96,295.93,-34.03,60.62
-0.48,0.88,0.25,1.76,-0.42,-1.99,0.3,-1.08,1.2678515734497164,0.96,-13.56,1562.23,-114.9,180.23
-0.38,0.92,0.23,0.95,-0.38,-0.97,0.23,-0.92,2.493050825933143,-0.62,-0.53,1262.91,-8.9,146.57
-0.29,0.96,0.15,1.46,-0.26,-1.59,0.18,-1.07,8.8274712768875,5.89,1.4,35.23,43.64,172.93
-0.39,0.92,0.23,1.25,-0.38,-1.34,0.24,-0.99,2.347616552525161,-0.23,-3.46,1334.47,-20.9,143.55
-0.43,0.9,0.24,1.38,-0.4,-1.51,0.27,-1.01,6.7139994174948345,1.06,-3.29,448.27,-59.04,82.86
-0.26,0.97,0.16,1.05,-0.26,-1.09,0.16,-0.98,7.060772465077385,2.79,0.62,396.15,30.32,131.94
-0.42,0.91,0.24,1.44,-0.4,-1.59,0.26,-1.03,2.939429602252983,0.9,-2.66,1176.35,34.12,151.62
-0.16,0.99,0.09,1.99,-0.15,-2.26,0.1,-1.22,6.346669050738959,2.84,-1.69,520.63,32.16,78.99
-0.38,0.92,0.23,0.95,-0.38,-0.97,0.23,-0.92,6.11311572645999,0.09,-0.37,560.3,-9.67,79.96
-0.48,0.88,0.25,1.76,-0.42,-1.99,0.3,-1.08,4.819789649982452,0.82,-7.6,844.59,-75.86,105.89
-0.08,1.0,0.04,2.01,-0.07,-2.28,0.05,-1.23,6.120815967202329,4.19,-3.95,560.89,-11.08,98.12
-0.2,0.98,0.13,1.05,-0.21,-1.08,0.12,-0.99,2.98466324283861,1.09,1.98,1203.54,85.7,113.54
-0.42,0.91,0.22,1.67,-0.38,-1.87,0.26,-1.08,4.353325212275401,4.55,-5.61,946.27,-32.33,202.47
-0.28,0.96,0.16,1.8,-0.27,-2.03,0.17,-1.15,2.4234750516980794,3.67,-11.8,1314.95,-108.72,161.48
-0.22,0.98,0.11,2.06,-0.19,-2.35,0.14,-1.22,6.484577583246434,7.69,-3.82,514.7,-10.56,184.05
-0.27,0.96,0.15,1.81,-0.25,-2.04,0.17,-1.15,1.5395789771022905,4.19,-4.95,1468.82,63.15,177.79
-0.47,0.88,0.28,1.23,-0.47,-1.33,0.29,-0.95,1.2584882543211395,-2.23,-0.31,1573.86,97.36,156.01
-0.22,0.97,0.13,2.02,-0.21,-2.3,0.14,-1.21,8.389098371899017,0.85,-2.96,118.82,-46.95,25.08
-0.05,1.0,0.03,1.05,-0.05,-1.07,0.03,-1.0,9.886220936341982,3.87,-0.05,-176.46,-4.12,135.99
-0.49,0.87,0.26,1.86,-0.44,-2.12,0.31,-1.1,4.822716151841315,3.88,-6.21,818.56,-30.03,173.1
-0.43,0.9,0.25,1.72,-0.41,-1.94,0.26,-1.09,1.9140906314757866,1.18,-4.55,1440.51,65.3,167.23
-0.44,0.9,0.23,1.75,-0.39,-1.97,0.28,-1.09,2.062548627461519,0.2,-4.67,1361.71,57.4,133.92
-0.27,0.96,0.16,0.96,-0.26,-0.98,0.16,-0.95,0.05947597302699115,1.79,0.58,1794.62,22.43,220.48
-0.22,0.98,0.11,2.06,-0.19,-2.35,0.14,-1.22,5.397494130030514,7.24,-5.72,737.13,-19.68,180.94
-0.22,0.98,0.13,1.04,-0.21,-1.07,0.14,-0.98,8.950274986826889,2.21,0.37,10.03,13.37,81.42
-0.08,1.0,0.05,1.48,-0.08,-1.62,0.05,-1.1,7.0804525065713175,5.73,-1.65,373.09,-14.65,165.7
-0.43,0.9,0.25,1.72,-0.41,-1.94,0.26,-1.09,4.597893858294352,1.45,-2.2,894.91,54.4,122.73
-0.46,0.89,0.25,1.34,-0.42,-1.47,0.29,-0.99,7.680588355506789,3.66,-0.74,256.07,-0.95,146.25
-0.43,0.9,0.24,1.34,-0.4,-1.47,0.27,-1.0,0.330206275935474,-0.92,-4.07,1775.94,27.28,179.74
-0.49,0.87,0.26,1.86,-0.44,-2.12,0.31,-1.1,2.5286965820264307,2.31,-10.5,1268.09,-60.31,179.89
-0.12,0.99,0.07,1.08,-0.12,-1.12,0.07,-1.01,9.91707637755418,0.03,-0.91,-180.16,-34.7,-4.73
-0.12,0.99,0.06,1.87,-0.1,-2.1,0.07,-1.19,0.35286375534791303,7.58,-6.89,1685.12,52.46,198.95
-0.08,1.0,0.04,2.01,-0.07,-2.28,0.05,-1.23,7.440296435344464,3.44,-1.82,303.85,1.7,79.33
-0.41,0.91,0.24,1.34,-0.4,-1.46,0.25,-1.0,5.248422306613161,-0.17,-2.31,765.52,-8.34,82.18
-0.48,0.88,0.25,1.52,-0.43,-1.69,0.3,-1.02,2.8618006687904582,2.29,-5.72,1217.49,-24.85,201.3
-0.09,1.0,0.05,1.53,-0.09,-1.68,0.06,-1.11,9.67102886003278,5.95,-1.69,-136.93,-56.48,161.65
-0.49,0.87,0.26,1.86,-0.44,-2.12,0.31,-1.1,0.7174080877936984,0.99,-14.1,1623.02,-84.22,185.25
-0.46,0.89,0.25,1.34,-0.42,-1.47,0.29,-0.99,1.084779002427071,-0.38,-1.92,1536.17,70.99,179.76
-0.13,0.99,0.07,1.62,-0.12,-1.8,0.08,-1.13,2.164771780204904,5.15,-3.68,1372.76,44.33,161.86
-0.1,1.0,0.06,1.08,-0.09,-1.12,0.06,-1.01,1.4589298256766547,4.39,-3.08,1465.33,-68.85,181.39
-0.25,0.97,0.14,1.35,-0.24,-1.46,0.16,-1.05,6.347205441644007,2.5,-3.18,518.61,-57.38,108.32
-0.15,0.99,0.09,1.43,-0.15,-1.56,0.09,-1.08,9.68189233400574,4.18,-1.47,-133.77,-50.65,117.24
-0.43,0.9,0.25,1.19,-0.41,-1.27,0.26,-0.96,6.365052669548199,1.6,0.57,526.83,48.84,122.24
-0.12,0.99,0.06,1.87,-0.1,-2.1,0.07,-1.19,9.6759031229364,7.02,1.48,-131.72,23.2,164.69
-0.06,1.0,0.03,1.01,-0.06,-1.03,0.04,-0.99,6.785460658337794,2.97,-0.77,440.05,-24.96,113.83
-0.08,1.0,0.05,1.29,-0.08,-1.38,0.05,-1.06,2.558925936977876,5.21,-4.24,1281.96,-50.7,173.54
-0.32,0.95,0.19,1.19,-0.32,-1.26,0.2,-0.99,6.494529846346041,3.21,-2.15,504.13,-44.28,153.18
-0.33,0.94,0.18,1.76,-0.3,-1.98,0.2,-1.13,1.3305828481702209,4.83,-4.38,1559.1,84.42,217.44
-0.2,0.98,0.13,1.05,-0.21,-1.08,0.12,-0.99,2.554694397669046,1.18,2.07,1289.56,89.9,121.58
-0.22,0.97,0.13,2.02,-0.21,-2.3,0.14,-1.21,8.451252836991353,0.82,-2.93,106.73,-47.98,24.03
-0.36,0.93,0.19,1.69,-0.33,-1.89,0.22,-1.1,3.4050106017251656,4.04,-2.81,1093.33,54.36,184.98
-0.26,0.97,0.16,1.05,-0.26,-1.09,0.16,-0.98,5.602942642900399,2.32,0.46,693.96,30.08,138.36
-0.47,0.88,0.28,1.23,-0.47,-1.33,0.29,-0.95,5.066696202692006,0.14,0.6,799.65,73.71,118.77
-0.23,0.97,0.14,1.25,-0.23,-1.33,0.14,-1.03,3.246841687833567,2.28,0.75,1159.12,81.8,143.89
-0.15,0.99,0.08,1.77,-0.13,-1.98,0.1,-1.16,8.366107768667746,1.34,-0.68,124.77,-0.6,36.97
-0.38,0.93,0.2,1.51,-0.34,-1.67,0.24,-1.06,8.81514711580952,3.07,-0.44,36.26,-7.59,91.23
-0.1,0.99,0.06,1.39,-0.1,-1.5,0.06,-1.08,0.5908687272288038,6.97,-4.53,1701.84,-5.52,228.58
-0.29,0.96,0.15,1.46,-0.26,-1.59,0.18,-1.07,7.319183754909327,5.3,-0.15,343.22,24.24,174.11
-0.55,0.83,0.29,1.73,-0.49,-1.96,0.35,-1.04,4.148034370907844,3.06,-1.38,989.41,97.8,199.21
-0.53,0.85,0.31,1.66,-0.51,-1.88,0.32,-1.03,5.0030172659645435,3.02,-5.58,796.57,-40.72,177.42
-0.41,0.91,0.24,1.34,-0.4,-1.46,0.25,-1.0,2.9696661832486626,-0.4,-4.19,1230.5,-24.56,127.36
-0.12,0.99,0.06,1.87,-0.1,-2.1,0.07,-1.19,6.8078566291715,7.17,-0.89,427.2,32.2,175.23
-0.43,0.9,0.25,1.72,-0.41,-1.94,0.26,-1.09,3.1325671101999983,1.31,-3.46,1192.8,60.35,147.03
-0.47,0.88,0.28,1.23,-0.47,-1.33,0.29,-0.95,1.152449196464359,-2.3,-0.33,1595.42,98.02,157.05
-0.08,1.0,0.05,1.48,-0.08,-1.62,0.05,-1.1,4.945062593118798,6.23,-3.43,788.12,-29.02,183.74
-0.23,0.97,0.14,1.25,-0.23,-1.33,0.14,-1.03,7.56312968832172,2.92,0.93,289.49,44.75,111.7
-0.23,0.97,0.12,1.83,-0.2,-2.05,0.14,-1.17,1.7554791872237463,4.34,-11.23,1427.44,-81.24,161.96
-0.32,0.95,0.19,1.16,-0.31,-1.22,0.19,-0.99,6.536785000507088,3.54,-0.13,485.4,16.38,164.36
-0.47,0.88,0.28,1.23,-0.47,-1.33,0.29,-0.95,3.939483864395994,-0.54,0.35,1028.81,80.71,129.8
-0.12,0.99,0.06,1.83,-0.11,-2.06,0.08,-1.18,5.936260166539426,6.74,-2.66,602.99,8.37,169.66
-0.25,0.97,0.15,1.05,-0.25,-1.09,0.15,-0.98,0.9730570681434891,2.83,-4.2,1584.99,-101.06,216.34
-0.49,0.87,0.28,1.83,-0.46,-2.09,0.3,-1.09,6.350615255084676,0.82,-1.56,536.15,37.63,77.69
-0.33,0.94,0.18,1.76,-0.3,-1.98,0.2,-1.13,0.3866964370741677,4.49,-4.65,1750.98,102.06,221.62
-0.36,0.93,0.19,1.69,-0.33,-1.89,0.22,-1.1,3.012988118530674,3.75,-2.98,1169.94,59.08,183.56
-0.12,0.99,0.06,1.87,-0.1,-2.1,0.07,-1.19,9.076287205426723,7.05,1.0,-14.87,25.09,166.9
-0.38,0.92,0.23,0.95,-0.38,-0.97,0.23,-0.92,4.721430113711451,-0.17,-0.43,830.41,-9.38,105.57
-0.1,1.0,0.06,1.08,-0.09,-1.12,0.06,-1.01,5.4752315831045815,4.95,-2.18,684.91,-59.13,184.71
-0.42,0.91,0.23,1.66,-0.38,-1.86,0.27,-1.08,6.168328942721554,3.41,-1.67,579.06,24.16,144.23
-0.25,0.97,0.14,1.57,-0.23,-1.74,0.16,-1.1,3.8023766181263854,3.18,-4.74,1051.82,-20.93,142.55
-0.48,0.88,0.25,1.52,-0.43,-1.69,0.3,-1.02,5.145896142009791,3.34,-4.27,764.45,-36.94,179.96
-0.32,0.95,0.19,1.19,-0.32,-1.26,0.2,-0.99,2.111523612128198,0.84,-3.03,1386.03,-26.14,158.59
-0.19,0.98,0.11,1.24,-0.19,-1.32,0.12,-1.04,9.556800249720267,0.97,0.92,-113.3,25.54,25.9
-0.4,0.92,0.23,1.47,-0.38,-1.63,0.25,-1.04,3.2872373244471453,0.13,-2.22,1110.58,43.29,117.23
-0.43,0.9,0.24,1.34,-0.4,-1.47,0.27,-1.0,6.214544734935799,1.07,-2.49,570.58,-29.23,98.79
-0.42,0.91,0.24,1.44,-0.4,-1.59,0.26,-1.03,6.289840120217766,0.86,-2.32,526.04,-17.2,82.13
-0.42,0.91,0.24,1.47,-0.4,-1.62,0.26,-1.03,9.421334840895316,0.37,-0.19,-84.76,-11.38,3.81
-0.23,0.97,0.13,1.45,-0.22,-1.59,0.14,-1.08,0.6561085890231466,4.37,-8.05,1642.75,-75.55,203.95
-0.08,1.0,0.05,1.48,-0.08,-1.62,0.05,-1.1,3.959823652773453,6.49,-4.27,979.61,-35.64,192.07
-0.42,0.91,0.24,1.47,-0.4,-1.62,0.26,-1.03,6.57652815074293,0.3,-1.65,487.52,0.32,61.58
-0.38,0.92,0.23,0.95,-0.38,-0.97,0.23,-0.92,5.1577435455284615,-0.09,-0.41,745.73,-9.47,97.54
-0.2,0.98,0.12,1.87,-0.19,-2.11,0.13,-1.18,4.41283327373368,5.21,-2.82,938.69,50.89,155.39
-0.06,1.0,0.03,1.01,-0.06,-1.03,0.04,-0.99,4.470978957501997,3.76,-1.73,899.96,-55.22,146.54
-0.16,0.99,0.09,1.99,-0.15,-2.26,0.1,-1.22,9.938719143855186,1.56,3.68,-184.19,63.98,31.02
-0.26,0.97,0.16,1.05,-0.26,-1.09,0.16,-0.98,3.084546896695781,1.47,0.17,1208.43,29.67,149.46
-0.27,0.96,0.16,0.96,-0.26,-0.98,0.16,-0.95,6.407917455078128,2.94,0.01,520.31,0.71,155.12
-0.36,0.93,0.19,1.69,-0.33,-1.89,0.22,-1.1,3.59027661889183,4.18,-2.73,1057.13,52.13,185.65
-0.11,0.99,0.07,1.44,-0.11,-1.57,0.07,-1.09,9.108667323556325,6.92,-0.94,-21.48,-26.12,197.82
-0.39,0.92,0.24,0.94,-0.39,-0.95,0.24,-0.92,2.432287859739888,-0.56,-0.16,1305.25,2.09,159.86
-0.22,0.98,0.13,1.04,-0.21,-1.07,0.14,-0.98,2.9130763253679994,1.81,-1.15,1227.42,-18.97,145.48
-0.44,0.9,0.23,1.6,-0.4,-1.78,0.27,-1.06,5.070043262545887,1.39,-4.28,773.57,-27.06,115.72
-0.38,0.93,0.21,1.34,-0.35,-1.46,0.23,-1.02,2.061873826169304,1.16,-2.52,1420.84,32.73,175.92
-0.44,0.9,0.23,1.75,-0.39,-1.97,0.28,-1.09,2.325660906062623,0.21,-4.57,1310.06,53.33,129.14
-0.44,0.9,0.26,1.09,-0.43,-1.15,0.27,-0.94,8.334185075105758,4.03,0.87,134.3,37.21,166.31
-0.38,0.93,0.21,1.34,-0.35,-1.46,0.23,-1.02,5.375154688947806,2.19,-2.02,742.32,-4.68,139.98
-0.22,0.98,0.13,1.04,-0.21,-1.07,0.14,-0.98,8.229777628778667,2.17,0.2,155.31,9.51,89.07
-0.48,0.88,0.25,1.76,-0.42,-1.99,0.3,-1.08,4.289017627769384,0.84,-8.46,951.82,-81.69,117.0
-0.25,0.97,0.14,1.35,-0.24,-1.46,0.16,-1.05,5.127785697987635,2.81,-4.37,757.0,-74.56,131.43
-0.47,0.88,0.25,1.86,-0.43,-2.11,0.3,-1.1,6.766476267690802,6.22,-1.12,442.02,34.96,192.43
-0.11,0.99,0.07,1.44,-0.11,-1.57,0.07,-1.09,5.504237190268442,7.01,-1.26,691.09,17.76,211.58
-0.53,0.85,0.31,1.66,-0.51,-1.88,0.32,-1.03,7.053587427097928,4.39,-2.7,387.91,-19.11,165.44
-0.32,0.95,0.19,1.19,-0.32,-1.26,0.2,-0.99,8.585922705298847,4.24,-1.77,83.32,-52.94,150.6
-0.32,0.95,0.19,1.16,-0.31,-1.22,0.19,-0.99,5.653065999661019,3.15,-0.57,659.54,9.2,166.64
-0.22,0.97,0.13,2.02,-0.21,-2.3,0.14,-1.21,1.6248162825293233,3.81,-6.3,1434.42,64.71,140.04
-0.22,0.97,0.13,2.02,-0.21,-2.3,0.14,-1.21,5.574206131810616,2.01,-4.28,666.29,-0.48,72.92
-0.42,0.91,0.22,1.67,-0.38,-1.87,0.26,-1.08,7.781350295274628,6.26,-0.05,248.17,28.8,188.33
-0.32,0.95,0.2,1.0,-0.33,-1.03,0.2,-0.95,5.688255437112108,0.98,0.4,643.91,24.15,106.49
-0.37,0.93,0.22,1.01,-0.36,-1.04,0.23,-0.94,0.10024813369323482,-0.89,-4.3,1739.26,-108.8,182.06
-0.08,1.0,0.05,1.11,-0.08,-1.15,0.05,-1.02,6.085673773140771,3.37,-0.89,573.9,-15.43,126.41
-0.49,0.87,0.26,1.86,-0.44,-2.12,0.31,-1.1,4.14308920279284,3.43,-7.45,951.74,-39.0,175.11
-0.23,0.97,0.14,1.25,-0.23,-1.33,0.14,-1.03,1.5028473900303807,1.99,0.68,1510.5,96.77,156.9
-0.35,0.94,0.2,1.32,-0.33,-1.42,0.22,-1.02,4.1751443502378995,0.79,-3.99,938.22,-53.0,111.97
-0.4,0.92,0.22,1.12,-0.38,-1.18,0.25,-0.96,8.906924910180305,1.48,-0.59,18.55,-19.43,56.78
-0.33,0.94,0.18,1.76,-0.3,-1.98,0.2,-1.13,6.122928597471495,6.44,-3.12,584.87,-5.13,196.23
-0.26,0.97,0.15,0.98,-0.25,-1.0,0.16,-0.96,5.003512287876845,2.66,1.06,804.08,40.73,163.45
-0.32,0.95,0.2,1.0,-0.33,-1.03,0.2,-0.95,0.2094923087799605,-0.8,0.43,1709.16,39.48,159.86
-0.42,0.91,0.23,1.66,-0.38,-1.86,0.27,-1.08,3.0956144817483455,1.91,-4.45,1207.41,27.93,163.29
-0.26,0.96,0.15,1.24,-0.25,-1.32,0.16,-1.02,6.9998844487123355,2.49,0.95,391.22,50.12,108.23
-0.38,0.93,0.2,1.51,-0.34,-1.67,0.24,-1.06,6.36928970038348,2.4,-2.66,516.01,-23.06,113.43
-0.27,0.96,0.16,0.96,-0.26,-0.98,0.16,-0.95,1.0384996634165355,1.98,0.48,1598.11,19.08,210.4
-0.47,0.88,0.28,1.23,-0.47,-1.33,0.29,-0.95,4.6469866224698375,-0.11,0.51,884.97,76.31,122.88
-0.1,0.99,0.06,1.39,-0.1,-1.5,0.06,-1.08,7.5666108490320125,6.33,-0.88,290.09,-4.88,190.24
-0.33,0.94,0.18,1.76,-0.3,-1.98,0.2,-1.13,6.765268414768434,6.64,-2.97,454.29,-17.14,193.39
-0.15,0.99,0.09,1.43,-0.15,-1.56,0.09,-1.08,6.76359787053905,4.66,-1.49,438.74,-7.53,148.09
-0.42,0.91,0.23,1.41,-0.39,-1.55,0.26,-1.02,0.3335678427450106,1.49,-8.85,1692.37,-91.91,221.79
-0.1,1.0,0.06,1.08,-0.09,-1.12,0.06,-1.01,4.157731395351858,4.78,-2.47,940.92,-62.32,183.62
-0.18,0.98,0.1,1.74,-0.16,-1.95,0.11,-1.16,0.6293743934976426,4.3,-9.04,1688.68,-18.95,159.27
-0.14,0.99,0.08,1.55,-0.14,-1.7,0.09,-1.11,7.089542844496642,2.91,-0.68,379.34,16.29,90.82
-0.15,0.99,0.08,1.84,-0.14,-2.07,0.09,-1.18,9.101677978504261,4.64,-0.45,-19.99,-10.57,111.03
-0.05,1.0,0.03,1.05,-0.05,-1.07,0.03,-1.0,5.79816275288295,4.41,-0.93,637.54,-24.25,159.61
-0.23,0.97,0.13,1.45,-0.22,-1.59,0.14,-1.08,2.4670983500678343,3.44,-6.0,1286.2,-55.45,162.97
-0.15,0.99,0.09,1.43,-0.15,-1.56,0.09,-1.08,4.996616254217384,4.97,-1.5,785.39,18.57,166.77
-0.26,0.96,0.15,1.24,-0.25,-1.32,0.16,-1.02,2.4488480288828987,1.74,1.37,1281.41,105.34,146.61
-0.47,0.88,0.25,1.86,-0.43,-2.11,0.3,-1.1,9.67077050727419,8.4,3.26,-132.75,65.47,196.41
-0.13,0.99,0.07,1.49,-0.12,-1.63,0.08,-1.1,9.004033888126497,5.31,1.83,-0.78,52.13,148.77
-0.41,0.91,0.24,1.34,-0.4,-1.46,0.25,-1.0,0.5293549337668657,-0.64,-6.36,1728.45,-41.92,175.75
-0.24,0.97,0.15,1.02,-0.25,-1.04,0.15,-0.97,3.0304912075735544,2.33,2.94,1213.5,113.11,176.04
-0.25,0.97,0.14,1.04,-0.24,-1.07,0.16,-0.98,1.9849260662217194,1.34,0.05,1359.54,24.85,153.09
-0.55,0.83,0.29,1.73,-0.49,-1.96,0.35,-1.04,6.648885739728896,5.09,0.24,479.44,70.84,191.37
-0.25,0.97,0.14,1.67,-0.24,-1.86,0.15,-1.13,2.0508431328308996,5.62,-11.07,1385.12,-114.75,208.21
-0.22,0.98,0.11,2.06,-0.19,-2.35,0.14,-1.22,4.610959982449555,6.91,-7.14,898.07,-26.28,178.69
-0.18,0.98,0.1,1.74,-0.16,-1.95,0.11,-1.16,2.8331286262032043,3.26,-6.56,1244.1,-16.01,122.12
-0.42,0.91,0.24,1.47,-0.4,-1.62,0.26,-1.03,9.049770481054956,0.36,-0.37,-10.01,-9.85,11.35
-0.25,0.97,0.14,1.67,-0.24,-1.86,0.15,-1.13,6.94487874382515,6.32,-4.59,409.63,-71.03,181.68
-0.26,0.97,0.16,1.35,-0.26,-1.47,0.16,-1.05,3.853276730629347,1.05,-1.53,1042.58,28.38,103.14
-0.12,0.99,0.06,1.83,-0.11,-2.06,0.08,-1.18,2.6839621986294357,7.19,-5.11,1243.09,29.33,188.24
-0.43,0.9,0.24,1.38,-0.4,-1.51,0.27,-1.01,3.1476916764481944,0.85,-5.9,1147.59,-69.62,153.53
-0.08,1.0,0.04,2.01,-0.07,-2.28,0.05,-1.23,3.2047722846216065,5.95,-8.93,1128.97,-39.3,139.63
-0.1,1.0,0.06,1.08,-0.09,-1.12,0.06,-1.01,8.044185984832323,5.28,-1.65,185.73,-52.91,186.83
-0.25,0.97,0.14,1.04,-0.24,-1.07,0.16,-0.98,0.9783107571992278,1.51,0.26,1554.63,34.77,173.58
-0.4,0.92,0.24,1.24,-0.4,-1.34,0.25,-0.99,2.0802504649213125,1.78,-4.13,1345.9,-37.16,211.93
-0.09,1.0,0.05,1.53,-0.09,-1.68,0.06,-1.11,1.308192824405936,7.0,-1.23,1569.55,101.84,205.97
-0.22,0.98,0.13,1.04,-0.21,-1.07,0.14,-0.98,2.6310683665537207,1.79,-1.23,1284.28,-20.48,148.48
-0.13,0.99,0.07,1.62,-0.12,-1.8,0.08,-1.13,8.470698167319696,3.98,0.99,106.3,38.36,107.45
-0.14,0.99,0.08,1.55,-0.14,-1.7,0.09,-1.11,3.1947593928449436,4.66,-4.89,1152.68,-23.81,157.57
-0.28,0.96,0.16,1.27,-0.27,-1.37,0.17,-1.03,6.918126012808919,0.85,-0.89,406.68,-2.85,58.53
-0.4,0.92,0.22,1.12,-0.38,-1.18,0.25,-0.96,3.2809403913376975,-0.13,-2.94,1139.78,-48.02,136.11
-0.38,0.93,0.2,1.51,-0.34,-1.67,0.24,-1.06,5.348550009952313,2.11,-3.63,716.23,-29.51,122.7
-0.08,1.0,0.04,2.01,-0.07,-2.28,0.05,-1.23,5.000185317121995,4.85,-5.82,779.2,-21.92,114.07
-0.32,0.95,0.19,1.16,-0.31,-1.22,0.19,-0.99,8.806885418878979,4.52,0.95,38.06,34.83,158.5
-0.5,0.87,0.28,1.36,-0.47,-1.49,0.31,-0.98,1.0464990166169175,0.51,-7.39,1554.47,-68.86,224.02
-0.43,0.9,0.24,1.38,-0.4,-1.51,0.27,-1.01,1.712720672968997,0.76,-7.03,1428.98,-73.88,181.97
-0.44,0.9,0.23,1.75,-0.39,-1.97,0.28,-1.09,2.67851469315897,0.22,-4.43,1240.8,47.88,122.73
-0.5,0.87,0.28,1.36,-0.47,-1.49,0.31,-0.98,3.812855687574881,1.86,-4.13,1013.8,-29.76,192.17
-0.12,0.99,0.06,1.87,-0.1,-2.1,0.07,-1.19,7.372704407294074,7.14,-0.41,317.12,30.43,173.16
-0.29,0.96,0.15,1.46,-0.26,-1.59,0.18,-1.07,7.678307698346361,5.44,0.22,269.89,28.86,173.82
-0.5,0.87,0.28,1.36,-0.47,-1.49,0.31,-0.98,5.101148393040008,2.46,-2.7,762.01,-11.56,177.34
-0.19,0.98,0.11,1.25,-0.18,-1.34,0.11,-1.04,1.8675951460877571,4.34,-1.82,1383.76,17.79,196.25
-0.13,0.99,0.08,1.43,-0.13,-1.55,0.08,-1.09,3.163551062350085,4.9,-2.91,1182.53,8.17,169.97
-0.42,0.91,0.24,1.44,-0.4,-1.59,0.26,-1.03,3.6002946952694304,0.89,-2.59,1048.07,23.99,137.91
-0.53,0.85,0.31,1.61,-0.51,-1.81,0.32,-1.02,8.171033383689682,1.36,0.47,163.17,34.78,61.31
-0.5,0.87,0.28,1.36,-0.47,-1.49,0.31,-0.98,5.8836186147986815,2.81,-1.86,609.08,-0.5,168.33
-0.43,0.9,0.25,1.19,-0.41,-1.27,0.26,-0.96,4.557248573218806,0.94,-0.04,888.28,48.63,145.0
-0.25,0.97,0.14,1.35,-0.24,-1.46,0.16,-1.05,7.8462695363217625,2.14,-1.76,225.55,-36.25,79.9
-0.23,0.97,0.12,1.83,-0.2,-2.05,0.14,-1.17,0.1800436230531055,3.76,-13.83,1737.86,-96.49,161.54
-0.49,0.87,0.28,1.83,-0.46,-2.09,0.3,-1.09,2.7437156512668013,0.27,-3.96,1266.06,82.81,140.58
-0.06,1.0,0.04,1.05,-0.06,-1.08,0.04,-1.0,1.9377473862724925,4.59,2.81,1408.2,108.55,175.6
-0.4,0.92,0.23,1.47,-0.38,-1.63,0.25,-1.04,4.991559932253539,0.43,-2.09,779.25,15.21,92.17
-0.53,0.85,0.31,1.66,-0.51,-1.88,0.32,-1.03,0.2313384930969442,-0.5,-12.98,1747.53,-91.0,205.29
-0.44,0.9,0.23,1.75,-0.39,-1.97,0.28,-1.09,9.30624871143128,0.27,-1.96,-60.11,-54.55,2.31
-0.13,0.99,0.07,1.49,-0.12,-1.63,0.08,-1.1,4.244555623755555,5.54,-2.54,922.55,7.09,175.12
-0.26,0.97,0.16,1.35,-0.26,-1.47,0.16,-1.05,0.014528733072695088,1.82,-3.81,1820.2,22.79,175.71
-0.23,0.97,0.14,1.25,-0.23,-1.33,0.14,-1.03,4.37472131213709,2.45,0.8,931.88,72.12,135.48
-0.39,0.92,0.24,0.94,-0.39,-0.95,0.24,-0.92,9.34172788770547,0.5,-0.36,-67.91,-14.07,13.58
-0.08,1.0,0.05,1.11,-0.08,-1.15,0.05,-1.02,3.794671495621155,4.2,-1.81,1025.06,-32.81,161.08
-0.19,0.98,0.11,1.25,-0.18,-1.34,0.11,-1.04,0.35455788478227834,4.76,-2.12,1677.31,25.61,220.23
-0.25,0.97,0.15,1.05,-0.25,-1.09,0.15,-0.98,0.8576852062055584,2.81,-4.29,1607.77,-103.33,217.65
-0.13,0.99,0.08,1.43,-0.13,-1.55,0.08,-1.09,4.786932091084411,3.89,-2.08,853.62,5.55,134.56
-0.12,0.99,0.06,1.83,-0.11,-2.06,0.08,-1.18,2.3541584437638607,7.21,-5.39,1308.0,31.46,190.12
-0.12,0.99,0.07,1.08,-0.12,-1.12,0.07,-1.01,9.809032035055482,0.07,-0.92,-158.93,-35.01,-2.58
-0.05,1.0,0.03,1.05,-0.05,-1.07,0.03,-1.0,1.533727147121946,5.03,-1.98,1486.67,-45.25,184.26
-0.35,0.94,0.2,1.74,-0.33,-1.95,0.21,-1.12,5.422546251475752,3.48,-1.49,700.32,45.58,139.38
-0.15,0.99,0.08,1.77,-0.13,-1.98,0.1,-1.16,9.150920782191122,0.83,-0.39,-29.71,-10.45,19.77
-0.22,0.98,0.11,2.06,-0.19,-2.35,0.14,-1.22,0.8181089222067051,5.19,-14.49,1674.14,-58.11,167.83
-0.28,0.96,0.16,1.8,-0.27,-2.03,0.17,-1.15,4.92531188927347,2.82,-7.59,814.72,-79.11,115.13
-0.25,0.97,0.14,1.57,-0.23,-1.74,0.16,-1.1,0.17714230971324962,5.23,-8.15,1785.44,-28.7,229.65
-0.12,0.99,0.06,1.83,-0.11,-2.06,0.08,-1.18,9.104179773926655,6.34,-0.47,-20.5,-12.05,151.56
-0.26,0.97,0.16,1.35,-0.26,-1.47,0.16,-1.05,5.745151433152334,0.7,-0.5,659.34,31.13,67.37
-0.23,0.97,0.13,1.45,-0.22,-1.59,0.14,-1.08,4.82995213547874,2.3,-3.5,821.0,-29.23,109.5
-0.47,0.88,0.28,1.23,-0.47,-1.33,0.29,-0.95,4.815166977132729,-0.01,0.55,850.78,75.27,121.23
-0.15,0.99,0.08,1.77,-0.13,-1.98,0.1,-1.16,8.496460779737928,1.25,-0.63,99.11,-2.23,34.11
-0.16,0.99,0.1,1.29,-0.16,-1.38,0.1,-1.05,0.8553835512224328,3.1,-2.68,1621.43,13.8,157.12
-0.44,0.9,0.26,1.09,-0.43,-1.15,0.27,-0.94,8.322297391281943,4.02,0.86,136.7,36.98,166.32
-0.47,0.88,0.25,1.86,-0.43,-2.11,0.3,-1.1,5.412705323173888,5.14,-3.28,709.94,20.74,190.58
-0.41,0.91,0.24,1.03,-0.41,-1.07,0.25,-0.93,7.300669728481491,0.2,-0.55,336.74,-10.25,55.16
-0.4,0.92,0.22,1.12,-0.38,-1.18,0.25,-0.96,6.137893580099321,0.72,-1.7,570.4,-33.5,95.83
-0.48,0.88,0.25,1.76,-0.42,-1.99,0.3,-1.08,4.979956797593347,0.81,-7.34,812.22,-74.1,102.53
-0.42,0.91,0.23,1.41,-0.39,-1.55,0.26,-1.02,7.582298570811887,3.16,0.33,276.85,35.09,124.63
-0.1,1.0,0.06,1.08,-0.09,-1.12,0.06,-1.01,0.2299031809855312,4.21,-3.37,1704.14,-71.83,180.38
-0.43,0.9,0.24,1.38,-0.4,-1.51,0.27,-1.01,4.639981406123042,0.94,-4.78,854.97,-65.2,123.96
-0.42,0.91,0.23,1.41,-0.39,-1.55,0.26,-1.02,2.9193562815410736,2.12,-5.37,1187.42,-46.6,187.13
-0.26,0.97,0.16,1.35,-0.26,-1.47,0.16,-1.05,7.994666063098471,0.31,0.64,203.65,34.41,24.85
-0.08,1.0,0.05,1.29,-0.08,-1.38,0.05,-1.06,5.253174756892084,4.79,-2.15,745.73,-22.6,156.33
-0.46,0.89,0.25,1.34,-0.42,-1.47,0.29,-0.99,4.602192854357358,1.87,-1.27,853.52,32.63,161.89
-0.4,0.92,0.24,1.24,-0.4,-1.34,0.25,-0.99,4.08158966272444,2.36,-2.71,956.64,-21.37,185.82
-0.22,0.98,0.13,1.04,-0.21,-1.07,0.14,-0.98,4.573682893880894,1.93,-0.71,892.56,-10.07,127.86
-0.4,0.92,0.23,1.47,-0.38,-1.63,0.25,-1.04,8.264421154346437,0.97,-1.88,143.0,-38.72,44.06
-0.39,0.92,0.24,0.94,-0.39,-0.95,0.24,-0.92,7.726424352215044,0.27,-0.31,253.11,-10.29,47.77
-0.26,0.96,0.16,1.23,-0.26,-1.31,0.16,-1.02,4.55453834250823,0.5,-0.73,866.53,21.97,82.04
-0.19,0.98,0.11,1.25,-0.18,-1.34,0.11,-1.04,7.481024579963465,2.94,-0.87,294.7,-11.24,107.29
-0.06,1.0,0.04,1.05,-0.06,-1.08,0.04,-1.0,9.82413317381585,-0.44,1.33,-164.33,45.6,-18.58
-0.28,0.96,0.16,1.8,-0.27,-2.03,0.17,-1.15,9.274279104200915,1.49,-0.98,-54.84,-27.64,34.57
-0.3,0.95,0.18,1.41,-0.29,-1.53,0.18,-1.05,8.588655323539719,1.67,-2.07,80.44,-52.72,56.72
-0.35,0.94,0.2,1.32,-0.33,-1.42,0.22,-1.02,0.645043889634952,0.88,-8.27,1624.67,-122.59,176.77
-0.13,0.99,0.08,1.46,-0.13,-1.59,0.08,-1.09,5.351190199825673,3.59,-1.73,742.64,10.47,121.38
-0.08,1.0,0.04,2.01,-0.07,-2.28,0.05,-1.23,8.634138711986783,2.75,0.06,71.27,13.25,62.34
-0.13,0.99,0.08,1.43,-0.13,-1.55,0.08,-1.09,3.8390106891789544,4.48,-2.56,1045.68,7.08,155.24
-0.25,0.97,0.14,1.57,-0.23,-1.74,0.16,-1.1,5.6579535821373605,2.23,-3.13,676.31,-16.95,97.96
-0.5,0.87,0.28,1.36,-0.47,-1.49,0.31,-0.98,5.3406364804699855,2.57,-2.44,715.21,-8.17,174.59
-0.16,0.99,0.1,1.29,-0.16,-1.38,0.1,-1.05,0.5187296861164181,3.19,-2.8,1688.45,14.31,162.42
-0.22,0.98,0.13,1.04,-0.21,-1.07,0.14,-0.98,1.558244578154846,1.71,-1.53,1500.62,-26.22,159.86
-0.28,0.96,0.16,1.8,-0.27,-2.03,0.17,-1.15,7.277252617376606,2.08,-3.92,344.46,-51.27,71.56
-0.13,0.99,0.07,1.49,-0.12,-1.63,0.08,-1.1,3.4340171783237547,5.6,-3.32,1079.8,-0.58,179.61
-0.25,0.97,0.14,1.57,-0.23,-1.74,0.16,-1.1,6.810586349653703,1.64,-2.17,443.06,-14.47,70.27
-0.19,0.98,0.11,1.5,-0.18,-1.65,0.11,-1.1,5.206453298621133,6.35,-1.37,737.55,26.02,202.69
-0.4,0.92,0.23,1.47,-0.38,-1.63,0.25,-1.04,5.165740047516351,0.46,-2.08,745.39,12.34,89.61
-0.12,0.99,0.06,1.83,-0.11,-2.06,0.08,-1.18,3.744169516490574,7.04,-4.29,1034.42,22.5,182.18
-0.42,0.91,0.22,1.67,-0.38,-1.87,0.26,-1.08,0.6899109389491698,2.52,-12.16,1692.31,-97.66,217.58
-0.26,0.96,0.15,1.24,-0.25,-1.32,0.16,-1.02,3.5072756945981776,1.92,1.27,1074.38,92.5,137.69
-0.32,0.95,0.19,1.19,-0.32,-1.26,0.2,-0.99,3.481910543561014,1.61,-2.75,1110.3,-31.81,156.9
-0.28,0.96,0.16,1.27,-0.27,-1.37,0.17,-1.03,2.6864649015088715,0.89,-4.81,1233.3,-68.51,121.3
-0.46,0.89,0.25,1.34,-0.42,-1.47,0.29,-0.99,9.758897853119525,4.78,-0.42,-147.29,-23.61,135.69
-0.08,1.0,0.04,2.01,-0.07,-2.28,0.05,-1.23,1.9895358121751627,6.73,-11.12,1365.71,-51.07,156.93
-0.1,1.0,0.05,1.84,-0.09,-2.07,0.06,-1.19,4.753071607501589,3.84,-5.85,831.51,-36.14,102.9
-0.26,0.97,0.16,1.35,-0.26,-1.47,0.16,-1.05,3.3521492765209526,1.15,-1.81,1144.09,27.65,112.61
-0.05,1.0,0.03,1.05,-0.05,-1.07,0.03,-1.0,8.271839516718934,4.08,-0.39,144.99,-12.07,145.32
-0.38,0.93,0.21,1.34,-0.35,-1.46,0.23,-1.02,1.9405695011066793,1.12,-2.55,1445.68,34.1,177.24
-0.23,0.97,0.12,1.83,-0.2,-2.05,0.14,-1.17,0.5363045104420272,3.89,-13.23,1667.66,-93.04,161.63
-0.15,0.99,0.09,1.43,-0.15,-1.56,0.09,-1.08,7.121865693858533,4.6,-1.49,368.45,-12.83,144.3
-0.1,1.0,0.06,1.08,-0.09,-1.12,0.06,-1.01,3.2623881332009774,4.65,-2.66,1114.89,-64.49,182.88
-0.2,0.98,0.12,0.99,-0.2,-1.01,0.12,-0.97,1.8147411527336488,2.98,-2.72,1429.78,-82.54,192.83
-0.16,0.99,0.09,1.99,-0.15,-2.26,0.1,-1.22,3.6692932123794995,3.89,-6.01,1045.98,8.45,114.75
-0.13,0.99,0.08,1.43,-0.13,-1.55,0.08,-1.09,6.190609885270213,3.05,-1.39,569.22,3.29,103.93
-0.3,0.95,0.18,1.41,-0.29,-1.53,0.18,-1.05,1.700305974972821,2.8,-6.23,1427.53,-57.79,187.55
-0.06,1.0,0.03,1.01,-0.06,-1.03,0.04,-0.99,5.315757769660612,3.48,-1.37,732.09,-44.18,134.6
-0.22,0.97,0.13,2.02,-0.21,-2.3,0.14,-1.21,8.536888920449723,0.79,-2.89,90.07,-49.39,22.57
-0.39,0.92,0.24,0.94,-0.39,-0.95,0.24,-0.92,9.581385433170999,0.53,-0.36,-115.54,-14.63,8.5
-0.48,0.88,0.25,1.52,-0.43,-1.69,0.3,-1.02,3.9166204731800516,2.79,-5.04,1008.27,-30.44,191.45
-0.5,0.87,0.28,1.36,-0.47,-1.49,0.31,-0.98,4.720215379865985,2.29,-3.12,836.46,-16.94,181.73
-0.43,0.9,0.25,1.19,-0.41,-1.27,0.26,-0.96,6.263978847952988,1.56,0.54,547.04,48.83,123.51
-0.4,0.92,0.24,1.24,-0.4,-1.34,0.25,-0.99,0.749203159978169,1.38,-5.11,1604.79,-47.66,229.3
-0.16,0.99,0.1,1.29,-0.16,-1.38,0.1,-1.05,1.2878791078207708,2.96,-2.52,1535.33,13.14,150.31
-0.32,0.95,0.19,1.19,-0.32,-1.26,0.2,-0.99,4.6238053715910254,2.23,-2.52,880.53,-36.54,155.49
-0.43,0.9,0.25,1.72,-0.41,-1.94,0.26,-1.09,3.686250100144708,1.37,-2.98,1080.24,58.1,137.85
-0.42,0.91,0.24,1.47,-0.4,-1.62,0.26,-1.03,2.7613297587929098,0.18,-3.82,1255.02,16.0,139.05
-0.38,0.93,0.2,1.51,-0.34,-1.67,0.24,-1.06,3.404504000458417,1.53,-5.55,1097.55,-41.8,140.34
-0.19,0.98,0.11,1.5,-0.18,-1.65,0.11,-1.1,3.9772293511803403,6.14,-2.17,976.54,25.25,205.18
-0.08,1.0,0.05,1.29,-0.08,-1.38,0.05,-1.06,7.7606383939665005,4.43,-0.35,246.67,3.55,140.3
-0.15,0.99,0.08,1.84,-0.14,-2.07,0.09,-1.18,4.6536984500006255,5.9,-3.75,854.28,14.87,159.43
-0.44,0.9,0.25,1.53,-0.42,-1.7,0.27,-1.04,0.866861279456993,0.01,-10.29,1586.85,-103.5,171.39
-0.18,0.98,0.1,1.74,-0.16,-1.95,0.11,-1.16,0.6598813787749225,4.29,-9.0,1682.52,-18.91,158.76
-0.35,0.94,0.2,1.74,-0.33,-1.95,0.21,-1.12,5.084726338876387,3.52,-1.62,766.46,50.08,144.9
-0.13,0.99,0.08,1.43,-0.13,-1.55,0.08,-1.09,2.344159902800762,5.43,-3.35,1348.55,9.49,187.85
-0.09,1.0,0.05,1.53,-0.09,-1.68,0.06,-1.11,0.2378997494962265,7.16,-1.16,1787.95,122.11,211.65
-0.44,0.9,0.23,1.6,-0.4,-1.78,0.27,-1.06,5.9505997511714295,1.55,-3.53,600.24,-27.23,102.75
-0.48,0.88,0.25,1.52,-0.43,-1.69,0.3,-1.02,5.894308440173481,3.67,-3.82,616.0,-40.9,172.97
-0.08,1.0,0.04,2.01,-0.07,-2.28,0.05,-1.23,6.024304815376666,4.25,-4.11,579.7,-12.01,99.49
-0.28,0.96,0.16,1.8,-0.27,-2.03,0.17,-1.15,0.9877933952716367,4.19,-14.36,1602.01,-125.72,188.08
-0.05,1.0,0.03,1.05,-0.05,-1.07,0.03,-1.0,5.774203150622331,4.41,-0.94,642.31,-24.37,159.75
-0.23,0.97,0.12,1.83,-0.2,-2.05,0.14,-1.17,7.536953136706477,6.29,-2.55,288.27,-25.3,163.49
-0.19,0.98,0.11,1.24,-0.19,-1.32,0.12,-1.04,9.76224494672191,0.92,0.94,-155.11,24.26,22.3
-0.3,0.95,0.19,1.11,-0.31,-1.16,0.18,-0.98,0.1383102091576882,-0.04,-1.88,1753.78,-1.56,165.33
-0.2,0.98,0.12,1.87,-0.19,-2.11,0.13,-1.18,7.283608804935644,4.49,-0.04,351.23,43.02,118.91
-0.24,0.97,0.15,1.02,-0.25,-1.04,0.15,-0.97,5.369722790058095,2.64,2.31,737.97,88.84,151.87
-0.08,1.0,0.04,2.01,-0.07,-2.28,0.05,-1.23,9.408038057924104,2.35,1.24,-79.49,20.74,51.32
-0.08,1.0,0.05,1.48,-0.08,-1.62,0.05,-1.1,8.823814380527493,5.34,-0.27,34.24,-2.93,150.97
-0.4,0.92,0.24,1.24,-0.4,-1.34,0.25,-0.99,4.145684506774493,2.38,-2.67,944.17,-20.86,184.98
-0.32,0.95,0.19,1.19,-0.32,-1.26,0.2,-0.99,4.6635329711277995,2.25,-2.51,872.54,-36.7,155.44
-0.26,0.97,0.16,1.05,-0.26,-1.09,0.16,-0.98,9.081027735851169,3.42,0.84,-16.55,30.66,123.03
-0.41,0.91,0.24,1.03,-0.41,-1.07,0.25,-0.93,4.815980307181333,-0.61,-0.9,829.11,-8.43,92.67
-0.26,0.97,0.15,0.98,-0.25,-1.0,0.16,-0.96,9.542907369746347,2.89,0.6,-109.23,21.52,101.92
-0.39,0.92,0.24,0.94,-0.39,-0.95,0.24,-0.92,7.36308562516926,0.22,-0.3,325.32,-9.44,55.47
-0.35,0.94,0.2,1.74,-0.33,-1.95,0.21,-1.12,4.965618816514467,3.51,-1.68,789.77,51.67,146.85
-0.19,0.98,0.11,1.24,-0.19,-1.32,0.12,-1.04,6.502579514448704,1.69,0.6,508.2,44.65,79.51
-0.26,0.97,0.16,1.35,-0.26,-1.47,0.16,-1.05,9.662441195389375,0.04,1.45,-134.19,36.83,-6.68
-0.16,0.99,0.1,1.29,-0.16,-1.38,0.1,-1.05,6.259455002321708,1.58,-0.83,545.59,5.61,72.07
-0.53,0.85,0.31,1.61,-0.51,-1.81,0.32,-1.02,9.742444866171958,1.67,2.55,-146.14,56.63,31.77
-0.39,0.92,0.24,0.94,-0.39,-0.95,0.24,-0.92,5.328312795103322,-0.09,-0.25,729.7,-4.68,98.54
-0.43,0.9,0.25,1.72,-0.41,-1.94,0.26,-1.09,2.641046148939866,1.26,-3.89,1292.72,62.35,155.18
-0.39,0.92,0.24,0.94,-0.39,-0.95,0.24,-0.92,8.102116296067486,0.33,-0.32,178.44,-11.17,39.82
-0.42,0.91,0.23,1.66,-0.38,-1.86,0.27,-1.08,9.396225235560994,4.85,1.02,-81.03,20.2,124.21
-0.48,0.88,0.25,1.52,-0.43,-1.69,0.3,-1.02,3.0843826766722806,2.4,-5.57,1173.34,-26.03,199.22
-0.4,0.92,0.22,1.12,-0.38,-1.18,0.25,-0.96,3.9721591506667875,0.09,-2.63,1002.02,-44.5,126.37
-0.09,1.0,0.05,1.53,-0.09,-1.68,0.06,-1.11,6.740627742894607,6.29,-1.54,461.04,-1.0,177.18
-0.22,0.97,0.13,2.02,-0.21,-2.3,0.14,-1.21,7.926328227407397,1.03,-3.17,208.82,-39.31,32.95
-0.13,0.99,0.08,1.46,-0.13,-1.59,0.08,-1.09,2.401608848038854,5.28,-4.33,1342.96,-10.74,180.95
-0.13,0.99,0.08,1.43,-0.13,-1.55,0.08,-1.09,6.894042583155659,2.64,-1.06,426.69,2.16,88.58
-0.26,0.96,0.16,1.23,-0.26,-1.31,0.16,-1.02,4.361010605572226,0.52,-0.72,904.25,24.21,85.46
-0.2,0.98,0.12,1.87,-0.19,-2.11,0.13,-1.18,9.465478980724862,3.97,1.93,-95.25,37.03,91.19
-0.38,0.93,0.21,1.34,-0.35,-1.46,0.23,-1.02,7.175401828930771,2.71,-1.76,373.65,-25.01,120.45
-0.26,0.97,0.16,1.05,-0.26,-1.09,0.16,-0.98,2.0166711641005772,1.09,0.03,1426.58,29.49,154.17
-0.35,0.94,0.2,1.32,-0.33,-1.42,0.22,-1.02,9.810321698436118,0.67,2.14,-157.57,58.08,8.53
-0.42,0.91,0.24,1.44,-0.4,-1.59,0.26,-1.03,9.174638600476523,0.82,-2.05,-33.9,-61.39,22.3
-0.05,1.0,0.03,1.05,-0.05,-1.07,0.03,-1.0,1.9998063480105943,4.97,-1.85,1393.86,-42.96,181.57
-0.38,0.93,0.2,1.51,-0.34,-1.67,0.24,-1.06,7.143822138340666,2.62,-1.94,364.09,-18.16,106.4
-0.26,0.96,0.16,1.23,-0.26,-1.31,0.16,-1.02,9.060626579866973,0.05,-0.95,-11.82,-30.14,2.26
-0.4,0.92,0.23,1.47,-0.38,-1.63,0.25,-1.04,2.1012582193223817,-0.08,-2.31,1341.14,62.83,134.67
-0.16,0.99,0.1,1.29,-0.16,-1.38,0.1,-1.05,6.773613660523308,1.45,-0.67,443.23,4.83,63.98
-0.25,0.97,0.14,1.35,-0.24,-1.46,0.16,-1.05,7.957096698820622,2.11,-1.66,203.88,-34.69,77.8
-0.43,0.9,0.24,1.34,-0.4,-1.47,0.27,-1.0,5.968545640817212,1.0,-2.55,620.97,-26.87,102.18
-0.06,1.0,0.03,1.01,-0.06,-1.03,0.04,-0.99,7.719976017136614,2.66,-0.4,254.35,-12.74,100.63
-0.1,1.0,0.05,1.84,-0.09,-2.07,0.06,-1.19,9.256369529316714,1.43,-1.2,-50.19,-32.67,33.29
-0.37,0.93,0.22,1.01,-0.36,-1.04,0.23,-0.94,1.32084172978031,-0.19,-3.56,1500.72,-90.99,176.54
-0.44,0.9,0.23,1.6,-0.4,-1.78,0.27,-1.06,7.972936164592912,1.89,-1.89,202.17,-27.6,72.96
-0.42,0.91,0.24,1.47,-0.4,-1.62,0.26,-1.03,5.906641245355296,0.26,-2.02,622.28,3.07,75.18
-0.38,0.92,0.23,0.95,-0.38,-0.97,0.23,-0.92,9.088396289895998,0.62,-0.26,-17.16,-10.3,25.22
-0.41,0.91,0.24,1.34,-0.4,-1.46,0.25,-1.0,4.5729090672548605,-0.24,-2.85,903.36,-13.15,95.58
-0.19,0.98,0.11,1.5,-0.18,-1.65,0.11,-1.1,5.342028474608181,6.37,-1.28,711.19,26.1,202.42
-0.24,0.97,0.15,1.02,-0.25,-1.04,0.15,-0.97,7.689879920504551,2.93,1.72,266.32,64.77,127.9
-0.48,0.88,0.25,1.76,-0.42,-1.99,0.3,-1.08,2.637111207642977,0.91,-11.2,1285.58,-99.85,151.57
-0.4,0.92,0.22,1.12,-0.38,-1.18,0.25,-0.96,1.7312894484538621,-0.62,-3.65,1448.61,-55.89,157.96
-0.14,0.99,0.08,1.55,-0.14,-1.7,0.09,-1.11,8.639458227307626,2.26,0.89,71.59,32.25,64.26
-0.08,1.0,0.05,1.29,-0.08,-1.38,0.05,-1.06,3.6703966430560167,5.03,-3.36,1060.75,-39.11,166.44
-0.46,0.89,0.25,1.34,-0.42,-1.47,0.29,-0.99,7.84440298160424,3.75,-0.72,224.28,-2.73,145.41
-0.43,0.9,0.25,1.72,-0.41,-1.94,0.26,-1.09,9.688140673786565,1.91,1.84,-139.89,33.73,38.32
-0.42,0.91,0.24,1.47,-0.4,-1.62,0.26,-1.03,8.925292987774977,0.36,-0.44,15.03,-9.34,13.88
-0.14,0.99,0.08,1.55,-0.14,-1.7,0.09,-1.11,0.972682202711791,5.75,-7.49,1593.89,-46.68,195.65
-0.23,0.97,0.12,1.83,-0.2,-2.05,0.14,-1.17,4.234235612791702,5.21,-7.35,939.03,-57.26,162.62
-0.49,0.87,0.28,1.83,-0.46,-2.09,0.3,-1.09,9.209169429389208,1.22,0.17,-42.33,1.82,27.85
-0.38,0.93,0.2,1.51,-0.34,-1.67,0.24,-1.06,9.431493085079861,3.23,0.09,-84.64,-3.7,85.64
-0.42,0.91,0.23,1.41,-0.39,-1.55,0.26,-1.02,1.5198000495987873,1.77,-7.21,1460.73,-71.12,205.89
-0.32,0.95,0.19,1.19,-0.32,-1.26,0.2,-0.99,2.7192995937546938,1.18,-2.91,1263.74,-28.66,157.84
-0.2,0.98,0.12,1.87,-0.19,-2.11,0.13,-1.18,1.9842297710545809,5.88,-5.36,1435.66,57.55,186.25
-0.28,0.96,0.16,1.8,-0.27,-2.03,0.17,-1.15,5.341776176596234,2.69,-6.93,731.45,-74.18,107.42
-0.35,0.94,0.2,1.32,-0.33,-1.42,0.22,-1.02,2.688875145733994,0.83,-5.74,1227.23,-82.3,139.25
-0.36,0.93,0.19,1.69,-0.33,-1.89,0.22,-1.1,2.7695207511207522,3.57,-3.09,1217.51,62.01,182.68
-0.15,0.99,0.09,1.43,-0.15,-1.56,0.09,-1.08,5.43704196155384,4.89,-1.49,698.98,12.07,162.11
-0.12,0.99,0.06,1.83,-0.11,-2.06,0.08,-1.18,4.015620246413951,7.0,-4.08,981.0,20.75,180.63
-0.49,0.87,0.26,1.86,-0.44,-2.12,0.31,-1.1,0.006801779008840381,0.45,-15.57,1762.27,-93.6,187.35
-0.08,1.0,0.05,1.48,-0.08,-1.62,0.05,-1.1,7.804925022945554,5.57,-1.07,232.28,-9.78,159.58
-0.3,0.95,0.19,1.11,-0.31,-1.16,0.18,-0.98,2.4666728255649684,0.54,-1.25,1292.98,2.2,141.04
-0.13,0.99,0.08,1.46,-0.13,-1.59,0.08,-1.09,6.162101837221242,3.14,-1.04,577.59,16.3,105.01
-0.43,0.9,0.25,1.19,-0.41,-1.27,0.26,-0.96,6.209218081878733,1.54,0.52,557.99,48.82,124.2
-0.12,0.99,0.07,1.08,-0.12,-1.12,0.07,-1.01,5.63851290742008,1.67,-1.8,660.36,-46.97,80.43
-0.35,0.94,0.2,1.74,-0.33,-1.95,0.21,-1.12,7.380144493463555,3.29,-0.75,317.1,19.48,107.38
-0.42,0.91,0.23,1.41,-0.39,-1.55,0.26,-1.02,0.7197155558827284,1.59,-8.31,1616.97,-85.14,216.61
-0.11,0.99,0.07,1.44,-0.11,-1.57,0.07,-1.09,8.322631597321967,6.93,-1.0,133.91,-16.55,200.82
-0.19,0.98,0.11,1.5,-0.18,-1.65,0.11,-1.1,7.7639205163592,6.76,0.21,240.32,27.61,197.53
-0.53,0.85,0.31,1.66,-0.51,-1.88,0.32,-1.03,5.816378051359643,3.57,-4.42,634.47,-32.15,172.67
-0.2,0.98,0.12,0.99,-0.2,-1.01,0.12,-0.97,6.402090963385485,3.8,-1.79,516.95,-60.8,170.19
-0.23,0.97,0.14,1.25,-0.23,-1.33,0.14,-1.03,3.9594111422643485,2.39,0.78,1015.56,75.68,138.58
-0.25,0.97,0.14,1.67,-0.24,-1.86,0.15,-1.13,0.9714428368827643,5.45,-12.64,1600.27,-124.39,214.06
-0.25,0.97,0.14,1.67,-0.24,-1.86,0.15,-1.13,7.930419001739696,6.45,-3.39,213.19,-62.23,176.34
-0.47,0.88,0.25,1.86,-0.43,-2.11,0.3,-1.1,2.6850462679230436,2.84,-7.87,1249.75,-7.9,186.84
-0.41,0.91,0.24,1.34,-0.4,-1.46,0.25,-1.0,2.8480678026929596,-0.41,-4.3,1255.31,-25.42,129.77
-0.49,0.87,0.28,1.83,-0.46,-2.09,0.3,-1.09,4.029244213483984,0.47,-3.07,1005.91,66.71,118.17
-0.35,0.94,0.2,1.32,-0.33,-1.42,0.22,-1.02,3.689935837904782,0.8,-4.55,1032.57,-62.56,120.88
-0.2,0.98,0.13,1.05,-0.21,-1.08,0.12,-0.99,5.004686864681867,0.71,1.54,799.37,65.96,75.77
-0.48,0.88,0.25,1.52,-0.43,-1.69,0.3,-1.02,5.712757434512762,3.59,-3.93,652.01,-39.94,174.67
-0.3,0.95,0.19,1.11,-0.31,-1.16,0.18,-0.98,0.10885223417158918,-0.05,-1.89,1759.61,-1.61,165.64
-0.26,0.97,0.16,1.35,-0.26,-1.47,0.16,-1.05,0.9533761714527689,1.63,-3.23,1630.02,24.16,157.96
-0.2,0.98,0.12,1.87,-0.19,-2.11,0.13,-1.18,0.2806144645782216,6.37,-7.26,1784.28,62.22,207.9
-0.14,0.99,0.08,1.55,-0.14,-1.7,0.09,-1.11,3.647381381068514,4.45,-4.38,1062.81,-19.15,149.81
-0.32,0.95,0.19,1.16,-0.31,-1.22,0.19,-0.99,9.339092889041257,4.74,1.21,-66.82,39.15,157.13
-0.24,0.97,0.15,1.02,-0.25,-1.04,0.15,-0.97,4.12578078282822,2.47,2.64,990.84,101.75,164.73
-0.12,0.99,0.06,1.83,-0.11,-2.06,0.08,-1.18,4.1925370003130356,6.97,-3.95,946.18,19.61,179.62
-0.4,0.92,0.22,1.12,-0.38,-1.18,0.25,-0.96,1.2706507038364179,-0.77,-3.87,1540.42,-58.23,164.46
-0.08,1.0,0.05,1.29,-0.08,-1.38,0.05,-1.06,7.695438452094249,4.44,-0.4,259.65,2.87,140.72
-0.2,0.98,0.13,1.05,-0.21,-1.08,0.12,-0.99,3.9944799005071188,0.9,1.76,1001.49,75.83,94.66
-0.12,0.99,0.07,1.08,-0.12,-1.12,0.07,-1.01,7.6427338325076075,0.88,-1.37,266.63,-41.22,40.54
-0.23,0.97,0.12,1.83,-0.2,-2.05,0.14,-1.17,2.2564820980996734,4.52,-10.43,1328.72,-76.4,162.09
-0.2,0.98,0.12,1.87,-0.19,-2.11,0.13,-1.18,9.785060281616131,3.9,2.21,-160.65,36.16,87.13
-0.44,0.9,0.23,1.6,-0.4,-1.78,0.27,-1.06,0.9474556760329722,0.63,-8.01,1585.06,-26.3,176.44
-0.32,0.95,0.2,1.0,-0.33,-1.03,0.2,-0.95,2.237156523867392,-0.11,0.42,1314.92,33.81,140.11
-0.29,0.96,0.15,1.46,-0.26,-1.59,0.18,-1.07,3.7022663831150613,3.77,-4.12,1081.79,-22.29,176.93
-0.22,0.98,0.11,2.06,-0.19,-2.35,0.14,-1.22,7.9221426992848665,8.26,-1.37,220.55,1.51,188.17
-0.37,0.93,0.22,1.01,-0.36,-1.04,0.23,-0.94,0.0795229351960236,-0.9,-4.31,1743.31,-109.1,182.15
-0.42,0.91,0.22,1.67,-0.38,-1.87,0.26,-1.08,6.9816079486247435,5.87,-1.31,411.04,14.54,191.63
-0.26,0.96,0.15,1.24,-0.25,-1.32,0.16,-1.02,0.45781910465064746,1.38,1.57,1670.86,129.5,163.41
-0.16,0.99,0.1,1.29,-0.16,-1.38,0.1,-1.05,7.722224370656081,1.21,-0.38,254.38,3.39,49.05
-0.16,0.99,0.09,1.99,-0.15,-2.26,0.1,-1.22,1.3849434475521039,4.82,-9.97,1494.21,-11.78,145.25
-0.26,0.97,0.15,0.98,-0.25,-1.0,0.16,-0.96,7.459601948418713,2.79,0.8,309.92,30.34,130.16
-0.3,0.95,0.19,1.11,-0.31,-1.16,0.18,-0.98,3.6796394405305533,0.84,-0.93,1052.93,4.16,128.38
-0.46,0.89,0.25,1.34,-0.42,-1.47,0.29,-0.99,2.789149133951634,0.75,-1.58,1205.39,52.4,171.1
-0.19,0.98,0.11,1.24,-0.19,-1.32,0.12,-1.04,8.85071021085135,1.13,0.85,30.38,29.96,38.3
-0.49,0.87,0.28,1.83,-0.46,-2.09,0.3,-1.09,5.8728512650692775,0.74,-1.85,632.83,43.61,86.02
-0.41,0.91,0.24,1.34,-0.4,-1.46,0.25,-1.0,2.9765459634083546,-0.4,-4.19,1229.1,-24.51,127.23
-0.22,0.97,0.13,2.02,-0.21,-2.3,0.14,-1.21,9.17136755174963,0.54,-2.61,-33.33,-59.87,11.79
-0.23,0.97,0.13,1.45,-0.22,-1.59,0.14,-1.08,4.869439299396264,2.29,-3.45,813.23,-28.8,108.61
-0.42,0.91,0.23,1.41,-0.39,-1.55,0.26,-1.02,4.719352273816154,2.54,-3.09,835.92,-15.07,163.0
-0.19,0.98,0.11,1.5,-0.18,-1.65,0.11,-1.1,3.0430764810234487,5.98,-2.79,1158.16,24.67,207.06
-0.26,0.97,0.16,1.05,-0.26,-1.09,0.16,-0.98,0.7632427932365815,0.63,-0.13,1682.63,29.28,159.7
-0.14,0.99,0.08,1.47,-0.14,-1.61,0.09,-1.1,5.571441666881249,5.96,-1.25,690.21,21.14,185.83
-0.26,0.97,0.15,0.98,-0.25,-1.0,0.16,-0.96,1.7183897571148687,2.48,1.42,1465.04,54.63,207.97
-0.08,1.0,0.05,1.48,-0.08,-1.62,0.05,-1.1,2.9451169849180237,6.72,-5.18,1176.83,-42.46,200.64
-0.37,0.93,0.22,1.01,-0.36,-1.04,0.23,-0.94,0.24518347870408075,-0.81,-4.21,1710.93,-106.69,181.4
-0.26,0.97,0.16,1.05,-0.26,-1.09,0.16,-0.98,6.6199914838709795,2.65,0.58,486.2,30.25,133.88
-0.22,0.98,0.13,1.04,-0.21,-1.07,0.14,-0.98,9.79263842019218,2.26,0.56,-159.83,17.88,72.48
-0.42,0.91,0.24,1.44,-0.4,-1.59,0.26,-1.03,1.3360458268124698,0.92,-2.83,1487.56,58.67,184.87
-0.13,0.99,0.07,1.49,-0.12,-1.63,0.08,-1.1,8.85081194825613,5.32,1.69,28.94,50.68,149.62
-0.5,0.87,0.28,1.36,-0.47,-1.49,0.31,-0.98,1.0913521303441331,0.53,-7.33,1545.71,-68.22,223.5
-0.49,0.87,0.28,1.83,-0.46,-2.09,0.3,-1.09,0.9710351809708162,-0.03,-5.24,1624.79,105.02,171.49
-0.25,0.97,0.14,1.35,-0.24,-1.46,0.16,-1.05,8.468407292316263,1.99,-1.19,103.92,-27.49,68.11
-0.38,0.92,0.23,0.95,-0.38,-0.97,0.23,-0.92,8.316040782202649,0.49,-0.29,132.75,-10.14,39.43
-0.48,0.88,0.25,1.76,-0.42,-1.99,0.3,-1.08,6.225695896897539,0.76,-5.39,560.53,-60.4,76.46
-0.47,0.88,0.25,1.86,-0.43,-2.11,0.3,-1.1,7.926641667653573,7.11,0.67,212.42,47.15,194.02
-0.44,0.9,0.23,1.6,-0.4,-1.78,0.27,-1.06,1.724562175309905,0.78,-7.27,1432.09,-26.45,165.0
-0.37,0.93,0.22,1.01,-0.36,-1.04,0.23,-0.94,5.95302254288367,2.26,-0.97,595.46,-23.41,155.58
-0.38,0.92,0.23,0.95,-0.38,-0.97,0.23,-0.92,4.66660980383539,-0.17,-0.44,841.05,-9.36,106.58
-0.44,0.9,0.26,1.09,-0.43,-1.15,0.27,-0.94,3.8209238087872057,0.63,-2.75,1044.67,-49.24,169.74
-0.2,0.98,0.12,0.99,-0.2,-1.01,0.12,-0.97,4.713373696395971,3.51,-2.12,852.99,-68.81,178.53
-0.4,0.92,0.24,1.24,-0.4,-1.34,0.25,-0.99,4.298503930109411,2.42,-2.57,914.45,-19.66,182.99
-0.1,1.0,0.06,1.08,-0.09,-1.12,0.06,-1.01,6.60505758261234,5.09,-1.95,465.37,-56.4,185.65
-0.55,0.83,0.29,1.73,-0.49,-1.96,0.35,-1.04,7.252694894924731,5.56,0.61,356.31,64.33,189.48
-0.43,0.9,0.25,1.72,-0.41,-1.94,0.26,-1.09,3.3971640703008212,1.34,-3.23,1139.01,59.28,142.64
-0.46,0.89,0.25,1.34,-0.42,-1.47,0.29,-0.99,7.995457079559398,3.83,-0.69,194.96,-4.38,144.65
-0.32,0.95,0.19,1.16,-0.31,-1.22,0.19,-0.99,0.012703366970734375,0.44,-3.63,1771.03,-36.63,181.19
-0.25,0.97,0.15,1.05,-0.25,-1.09,0.15,-0.98,5.971519519349697,3.23,-0.44,598.0,-2.82,159.66
-0.1,0.99,0.06,1.39,-0.1,-1.5,0.06,-1.08,6.970979524023621,6.38,-1.17,410.63,-4.93,193.52
-0.42,0.91,0.24,1.47,-0.4,-1.62,0.26,-1.03,2.625407819234462,0.17,-3.91,1282.36,16.56,141.81
-0.27,0.96,0.15,1.81,-0.25,-2.04,0.17,-1.15,7.966426625012435,2.55,-1.28,203.49,-5.37,73.55
-0.41,0.91,0.24,1.03,-0.41,-1.07,0.25,-0.93,1.4127207264118835,-1.83,-1.41,1503.5,-5.94,144.04
-0.33,0.94,0.18,1.76,-0.3,-1.98,0.2,-1.13,3.520676950656406,5.62,-3.77,1113.88,43.5,207.75
-0.05,1.0,0.03,1.05,-0.05,-1.07,0.03,-1.0,9.48646437756295,3.92,-0.14,-96.86,-6.09,138.3
-0.11,0.99,0.07,1.44,-0.11,-1.57,0.07,-1.09,0.8696409410928274,7.14,-1.74,1607.31,74.17,229.27
-0.44,0.9,0.23,1.75,-0.39,-1.97,0.28,-1.09,0.6380161479845148,0.2,-5.28,1641.32,79.41,159.8
-0.05,1.0,0.03,1.05,-0.05,-1.07,0.03,-1.0,0.8012576137057414,5.16,-2.15,1632.52,-48.86,188.49
-0.23,0.97,0.14,1.25,-0.23,-1.33,0.14,-1.03,8.393460491504502,3.04,0.95,122.2,37.62,105.51
-0.44,0.9,0.26,1.09,-0.43,-1.15,0.27,-0.94,6.984128700813449,3.06,-0.17,406.62,11.35,167.33
-0.06,1.0,0.03,1.01,-0.06,-1.03,0.04,-0.99,4.641029370579259,3.7,-1.66,866.17,-53.0,144.13
-0.27,0.96,0.16,1.53,-0.26,-1.68,0.16,-1.09,4.15749702931251,1.29,-2.18,991.28,33.32,98.43
-0.16,0.99,0.09,1.99,-0.15,-2.26,0.1,-1.22,4.781341335215755,3.44,-4.19,827.78,18.3,99.9
-0.25,0.97,0.15,1.05,-0.25,-1.09,0.15,-0.98,3.2352171677761046,3.01,-2.43,1138.31,-56.6,190.69
-0.15,0.99,0.09,1.43,-0.15,-1.56,0.09,-1.08,8.102567032545938,4.43,-1.48,176.06,-27.32,133.93
-0.53,0.85,0.31,1.66,-0.51,-1.88,0.32,-1.03,8.297301339445767,5.19,-1.02,140.04,-6.0,158.17
-0.18,0.98,0.1,1.74,-0.16,-1.95,0.11,-1.16,3.214104448072732,3.09,-6.14,1167.24,-15.5,115.69
-0.23,0.97,0.13,1.45,-0.22,-1.59,0.14,-1.08,9.966004320876037,0.09,1.41,-190.19,27.75,-6.72
-0.26,0.96,0.16,1.23,-0.26,-1.31,0.16,-1.02,4.781788033161895,0.47,-0.74,822.23,19.34,78.01
-0.12,0.99,0.06,1.87,-0.1,-2.1,0.07,-1.19,4.838440485703153,7.28,-2.62,810.99,38.39,182.47
-0.42,0.91,0.24,1.44,-0.4,-1.59,0.26,-1.03,8.496778593291026,0.83,-2.11,97.67,-51.01,36.36
-0.25,0.97,0.14,1.57,-0.23,-1.74,0.16,-1.1,6.314384487291776,1.88,-2.58,543.47,-15.54,82.19
-0.1,1.0,0.06,1.08,-0.09,-1.12,0.06,-1.01,9.026419617833362,5.4,-1.46,-5.13,-50.54,187.65
-0.13,0.99,0.07,1.62,-0.12,-1.8,0.08,-1.13,1.1037184024986169,5.37,-4.56,1585.85,45.34,171.01
-0.38,0.93,0.2,1.51,-0.34,-1.67,0.24,-1.06,4.840275550956463,1.96,-4.12,815.92,-32.72,127.31
-0.26,0.96,0.15,1.24,-0.25,-1.32,0.16,-1.02,1.586888787511599,1.59,1.45,1450.01,115.8,153.88
-0.25,0.97,0.14,1.35,-0.24,-1.46,0.16,-1.05,9.065661521791998,1.85,-0.64,-12.84,-19.07,56.79
-0.47,0.88,0.25,1.86,-0.43,-2.11,0.3,-1.1,9.975614529906862,8.62,3.71,-193.08,68.67,196.82
-0.15,0.99,0.08,1.77,-0.13,-1.98,0.1,-1.16,9.036880554607382,0.9,-0.44,-7.26,-9.02,22.27
-0.33,0.94,0.18,1.76,-0.3,-1.98,0.2,-1.13,1.026206838251551,4.72,-4.47,1620.98,90.11,218.79
-0.25,0.97,0.14,1.04,-0.24,-1.07,0.16,-0.98,0.8708816560734278,1.53,0.3,1575.45,35.82,175.76
-0.47,0.88,0.25,1.86,-0.43,-2.11,0.3,-1.1,0.6492104756471573,1.02,-11.53,1652.65,-29.29,184.06
-0.2,0.98,0.13,1.05,-0.21,-1.08,0.12,-0.99,7.193298911009704,0.31,1.09,361.48,44.56,34.84
-0.08,1.0,0.05,1.29,-0.08,-1.38,0.05,-1.06,9.518351254770328,4.19,0.83,-103.17,21.89,129.07
-0.26,0.97,0.15,0.98,-0.25,-1.0,0.16,-0.96,8.94357504234053,2.86,0.66,11.35,24.06,110.05
-0.06,1.0,0.03,1.01,-0.06,-1.03,0.04,-0.99,1.5098829901551691,4.84,-3.05,1488.35,-93.94,188.38
-0.39,0.92,0.23,1.25,-0.38,-1.34,0.24,-0.99,7.527318144818713,-0.07,-0.7,295.42,-3.04,33.1
-0.43,0.9,0.24,1.34,-0.4,-1.47,0.27,-1.0,5.556581843185966,0.87,-2.66,705.36,-22.92,107.84
-0.43,0.9,0.24,1.38,-0.4,-1.51,0.27,-1.01,9.091989393709706,1.18,-1.71,-18.04,-51.99,35.74
-0.38,0.93,0.2,1.51,-0.34,-1.67,0.24,-1.06,7.851454084624546,2.81,-1.3,225.29,-13.69,99.98
-0.44,0.9,0.25,1.53,-0.42,-1.7,0.27,-1.04,7.1313157982504025,1.77,-0.73,364.6,18.37,90.3
-0.1,1.0,0.05,1.84,-0.09,-2.07,0.06,-1.19,7.2493373894978586,2.47,-3.21,342.76,-34.21,64.31
-0.33,0.94,0.18,1.76,-0.3,-1.98,0.2,-1.13,9.584381936511232,7.47,-2.33,-118.8,-69.82,180.91
-0.43,0.9,0.24,1.34,-0.4,-1.47,0.27,-1.0,3.2961419867317554,0.13,-3.24,1168.39,-1.21,138.94
-0.33,0.94,0.18,1.76,-0.3,-1.98,0.2,-1.13,2.4633773910824095,5.24,-4.07,1328.82,63.25,212.43
-0.28,0.96,0.16,1.27,-0.27,-1.37,0.17,-1.03,3.3631774664152294,0.89,-4.16,1101.11,-58.01,111.26
-0.14,0.99,0.08,1.47,-0.14,-1.61,0.09,-1.1,8.437101343766507,5.6,-0.03,113.32,9.67,161.63
-0.53,0.85,0.31,1.61,-0.51,-1.81,0.32,-1.02,5.019543338785083,0.69,-4.0,783.51,-9.05,120.54
-0.41,0.91,0.24,1.34,-0.4,-1.46,0.25,-1.0,8.696228480115465,0.14,0.31,61.99,16.2,13.82
-0.38,0.92,0.23,0.95,-0.38,-0.97,0.23,-0.92,1.0527942274851165,-0.92,-0.59,1542.44,-8.6,173.07
-0.42,0.91,0.22,1.67,-0.38,-1.87,0.26,-1.08,4.280276174813508,4.5,-5.76,961.15,-33.63,202.77
-0.06,1.0,0.04,1.05,-0.06,-1.08,0.04,-1.0,8.026581533958879,0.61,1.65,194.1,59.95,25.68
-0.25,0.97,0.14,1.35,-0.24,-1.46,0.16,-1.05,6.471004313741027,2.47,-3.06,494.41,-55.63,105.97
-0.15,0.99,0.08,1.77,-0.13,-1.98,0.1,-1.16,4.521839754971795,4.01,-2.16,881.45,47.65,121.18
-0.13,0.99,0.08,1.46,-0.13,-1.59,0.08,-1.09,0.2696402468110082,6.58,-6.35,1776.88,-26.07,224.0
-0.25,0.97,0.14,1.67,-0.24,-1.86,0.15,-1.13,7.892507229367421,6.44,-3.44,220.75,-62.57,176.54
-0.49,0.87,0.26,1.86,-0.44,-2.12,0.31,-1.1,9.35750559315239,6.7,1.48,-70.06,29.83,159.69
-0.19,0.98,0.11,1.25,-0.18,-1.34,0.11,-1.04,0.5380650583717295,4.71,-2.08,1641.7,24.66,217.33
-0.19,0.98,0.11,1.5,-0.18,-1.65,0.11,-1.1,9.050525020066358,6.96,0.97,-9.82,28.42,194.93
-0.13,0.99,0.07,1.49,-0.12,-1.63,0.08,-1.1,0.7700514789872748,5.75,-6.03,1596.61,-25.78,194.36
-0.09,1.0,0.05,1.53,-0.09,-1.68,0.06,-1.11,6.333165858565012,6.34,-1.52,544.18,6.72,179.34
-0.43,0.9,0.25,1.72,-0.41,-1.94,0.26,-1.09,6.099434979652027,1.59,-0.95,589.66,48.3,97.83
-0.22,0.97,0.13,2.02,-0.21,-2.3,0.14,-1.21,4.43688150017458,2.51,-4.84,887.5,18.29,92.25
-0.42,0.91,0.23,1.41,-0.39,-1.55,0.26,-1.02,5.734168274091469,2.77,-1.85,637.75,2.71,149.4
-0.25,0.97,0.14,1.04,-0.24,-1.07,0.16,-0.98,2.421378764177108,1.26,-0.04,1274.96,20.55,144.2
-0.08,1.0,0.05,1.29,-0.08,-1.38,0.05,-1.06,2.7612717957309716,5.18,-4.08,1241.69,-48.59,172.25
-0.35,0.94,0.2,1.74,-0.33,-1.95,0.21,-1.12,0.7108043339353265,3.98,-3.42,1622.7,108.39,216.4
-0.35,0.94,0.2,1.74,-0.33,-1.95,0.21,-1.12,3.3998233184210958,3.69,-2.29,1096.29,72.54,172.44
-0.28,0.96,0.16,1.8,-0.27,-2.03,0.17,-1.15,5.8684277777131335,2.52,-6.09,626.15,-67.95,97.66
-0.44,0.9,0.25,1.53,-0.42,-1.7,0.27,-1.04,2.603879265989116,0.52,-7.49,1247.94,-69.71,148.9
-0.25,0.97,0.15,1.05,-0.25,-1.09,0.15,-0.98,8.341956188338436,3.4,1.15,129.94,43.77,132.78
-0.23,0.97,0.14,1.25,-0.23,-1.33,0.14,-1.03,5.804498892029784,2.67,0.86,643.82,59.84,124.82
-0.13,0.99,0.07,1.62,-0.12,-1.8,0.08,-1.13,1.6936515604213742,5.25,-4.06,1467.37,44.78,165.92
-0.23,0.97,0.13,1.45,-0.22,-1.59,0.14,-1.08,4.322249243569331,2.54,-4.02,920.96,-34.87,120.99
-0.13,0.99,0.07,1.62,-0.12,-1.8,0.08,-1.13,1.6827458952867203,5.25,-4.07,1469.56,44.79,166.02
-0.28,0.96,0.16,1.27,-0.27,-1.37,0.17,-1.03,9.114815108885795,0.83,0.98,-22.43,31.24,25.95
-0.4,0.92,0.23,1.47,-0.38,-1.63,0.25,-1.04,9.916394161849034,1.22,-1.77,-178.15,-65.94,19.77
-0.53,0.85,0.31,1.66,-0.51,-1.88,0.32,-1.03,2.329973061420958,1.11,-9.6,1329.29,-68.89,193.03
-0.13,0.99,0.07,1.62,-0.12,-1.8,0.08,-1.13,8.203773202514169,4.03,0.82,159.91,38.61,109.75
-0.29,0.96,0.15,1.46,-0.26,-1.59,0.18,-1.07,2.452845592571613,3.21,-5.59,1336.92,-38.36,177.91
-0.43,0.9,0.24,1.38,-0.4,-1.51,0.27,-1.01,4.801755140060459,0.95,-4.66,823.24,-64.72,120.76
-0.18,0.98,0.1,1.74,-0.16,-1.95,0.11,-1.16,8.174753427304182,1.0,-1.15,166.48,-8.87,32.06
-0.42,0.91,0.23,1.66,-0.38,-1.86,0.27,-1.08,8.760928577941106,4.58,0.51,48.89,20.98,128.15
-0.1,1.0,0.05,1.84,-0.09,-2.07,0.06,-1.19,3.8683653354648473,4.35,-6.83,1004.72,-36.82,116.58
-0.08,1.0,0.05,1.29,-0.08,-1.38,0.05,-1.06,7.374184995364244,4.48,-0.62,323.58,-0.48,142.77
-0.42,0.91,0.22,1.67,-0.38,-1.87,0.26,-1.08,3.1000626335954706,3.87,-7.8,1201.49,-54.68,207.64
-0.44,0.9,0.23,1.6,-0.4,-1.78,0.27,-1.06,1.9346335583577923,0.82,-7.07,1390.74,-26.48,161.9
-0.42,0.91,0.22,1.67,-0.38,-1.87,0.26,-1.08,9.253500158066132,6.95,2.21,-51.62,55.05,182.26
-0.13,0.99,0.08,1.46,-0.13,-1.59,0.08,-1.09,0.5306882830697757,6.42,-6.09,1723.75,-24.19,218.73
-0.39,0.92,0.24,0.94,-0.39,-0.95,0.24,-0.92,5.340615464804274,-0.09,-0.25,727.26,-4.71,98.28
-0.25,0.97,0.14,1.57,-0.23,-1.74,0.16,-1.1,1.1751829950127868,4.64,-7.17,1583.47,-26.56,205.67
-0.25,0.97,0.14,1.04,-0.24,-1.07,0.16,-0.98,1.17237953156481,1.48,0.22,1517.02,32.85,169.63
-0.06,1.0,0.04,1.05,-0.06,-1.08,0.04,-1.0,3.7751431655922216,3.32,2.44,1041.83,93.88,130.36
-0.27,0.96,0.16,0.96,-0.26,-0.98,0.16,-0.95,2.853247729599958,2.32,0.31,1233.83,12.87,191.71
-0.08,1.0,0.05,1.11,-0.08,-1.15,0.05,-1.02,1.1527423967493167,5.21,-2.91,1545.32,-52.85,201.06
-0.44,0.9,0.26,1.09,-0.43,-1.15,0.27,-0.94,3.310359090587729,0.22,-3.19,1147.65,-59.02,170.13
-0.32,0.95,0.2,1.0,-0.33,-1.03,0.2,-0.95,0.12168754971095153,-0.83,0.43,1726.23,39.72,160.71
-0.08,1.0,0.05,1.11,-0.08,-1.15,0.05,-1.02,3.265893370921913,4.39,-2.02,1129.19,-36.82,169.08
-0.25,0.97,0.14,1.04,-0.24,-1.07,0.16,-0.98,9.2347930766439,0.21,-1.29,-45.5,-46.55,5.5
-0.29,0.96,0.15,1.46,-0.26,-1.59,0.18,-1.07,2.343393908270163,3.15,-5.71,1359.27,-39.76,177.99
-0.27,0.96,0.16,0.96,-0.26,-0.98,0.16,-0.95,1.0466770542320247,1.98,0.48,1596.46,19.05,210.31
-0.49,0.87,0.28,1.83,-0.46,-2.09,0.3,-1.09,1.8292744715587839,0.12,-4.61,1451.11,94.27,156.53
-0.35,0.94,0.2,1.32,-0.33,-1.42,0.22,-1.02,8.009860777478492,0.71,0.27,192.54,22.59,41.58
-0.38,0.93,0.21,1.34,-0.35,-1.46,0.23,-1.02,5.587242197775957,2.25,-1.99,698.89,-7.07,137.68
-0.19,0.98,0.11,1.5,-0.18,-1.65,0.11,-1.1,4.204738477030362,6.18,-2.02,932.31,25.4,204.72
-0.22,0.98,0.11,2.06,-0.19,-2.35,0.14,-1.22,7.14811630069925,7.95,-2.67,378.92,-4.99,185.95
-0.5,0.87,0.28,1.36,-0.47,-1.49,0.31,-0.98,3.7588432160477083,1.85,-4.18,1024.36,-30.53,192.79
-0.25,0.97,0.14,1.04,-0.24,-1.07,0.16,-0.98,6.879216244303526,0.55,-0.88,411.01,-23.35,53.46
-0.15,0.99,0.08,1.77,-0.13,-1.98,0.1,-1.16,4.882344223136451,3.74,-2.0,810.49,43.13,113.29
-0.42,0.91,0.24,1.44,-0.4,-1.59,0.26,-1.03,1.0692436552534201,0.93,-2.86,1539.34,62.76,190.41
-0.44,0.9,0.25,1.53,-0.42,-1.7,0.27,-1.04,1.7154391194582386,0.26,-8.91,1421.28,-86.99,160.4
-0.4,0.92,0.22,1.12,-0.38,-1.18,0.25,-0.96,2.6900531073115665,-0.31,-3.2,1257.54,-51.02,144.44
-0.41,0.91,0.24,1.34,-0.4,-1.46,0.25,-1.0,4.785344918894029,-0.22,-2.68,860.01,-11.63,91.36
-0.36,0.93,0.19,1.69,-0.33,-1.89,0.22,-1.1,1.6901062785111887,2.74,-3.57,1428.44,75.01,178.77
-0.12,0.99,0.07,1.08,-0.12,-1.12,0.07,-1.01,7.009723930692147,1.13,-1.5,390.99,-43.03,53.14
-0.42,0.91,0.22,1.67,-0.38,-1.87,0.26,-1.08,7.959689585860793,6.34,0.23,211.85,31.98,187.6
-0.23,0.97,0.13,1.45,-0.22,-1.59,0.14,-1.08,1.8228576491108228,3.77,-6.72,1413.04,-62.6,177.54
-0.23,0.97,0.12,1.83,-0.2,-2.05,0.14,-1.17,7.148147303006624,6.17,-3.1,364.88,-29.06,163.39
-0.08,1.0,0.05,1.11,-0.08,-1.15,0.05,-1.02,2.7279531511920885,4.59,-2.24,1235.12,-40.9,177.22
-0.14,0.99,0.08,1.47,-0.14,-1.61,0.09,-1.1,0.08575959794627996,6.71,-3.85,1794.54,43.09,232.13
-0.13,0.99,0.08,1.43,-0.13,-1.55,0.08,-1.09,8.772910930921466,1.59,-0.19,46.01,-0.87,47.59
-0.13,0.99,0.07,1.62,-0.12,-1.8,0.08,-1.13,9.833647197502206,3.75,1.89,-167.43,37.07,95.69
-0.29,0.96,0.15,1.46,-0.26,-1.59,0.18,-1.07,8.82044432438182,5.89,1.39,36.66,43.55,172.93
-0.2,0.98,0.13,1.05,-0.21,-1.08,0.12,-0.99,3.5892137283991277,0.98,1.85,1082.58,79.79,102.23
-0.14,0.99,0.08,1.47,-0.14,-1.61,0.09,-1.1,9.20184272664645,5.51,0.28,-40.63,6.61,155.18
-0.26,0.96,0.16,1.23,-0.26,-1.31,0.16,-1.02,0.13730774068193674,0.99,-0.48,1727.56,73.05,160.24
-0.3,0.95,0.19,1.11,-0.31,-1.16,0.18,-0.98,4.505229422304371,1.03,-0.73,889.54,5.49,119.77
-0.27,0.96,0.16,0.96,-0.26,-0.98,0.16,-0.95,4.856029540005978,2.68,0.14,831.82,6.02,171.1
-0.3,0.95,0.18,1.41,-0.29,-1.53,0.18,-1.05,9.09336775013655,1.58,-1.78,-18.26,-52.35,47.13
-0.06,1.0,0.03,1.01,-0.06,-1.03,0.04,-0.99,5.829076599066479,3.29,-1.16,630.09,-37.46,127.35
-0.42,0.91,0.23,1.41,-0.39,-1.55,0.26,-1.02,2.9125426753689565,2.12,-5.38,1188.75,-46.72,187.22
-0.2,0.98,0.13,1.05,-0.21,-1.08,0.12,-0.99,3.0976737140334776,1.07,1.95,1180.92,84.6,111.43
-0.13,0.99,0.08,1.46,-0.13,-1.59,0.08,-1.09,3.9152409071414276,4.39,-2.97,1034.89,0.15,150.38
-0.16,0.99,0.1,1.29,-0.16,-1.38,0.1,-1.05,1.362636431058749,2.94,-2.5,1520.45,13.03,149.14
-0.55,0.83,0.29,1.73,-0.49,-1.96,0.35,-1.04,5.053492112030755,3.83,-0.78,804.77,88.04,196.37
-0.43,0.9,0.24,1.38,-0.4,-1.51,0.27,-1.01,0.18543724395385985,0.66,-8.3,1728.47,-78.41,212.23
-0.06,1.0,0.04,1.05,-0.06,-1.08,0.04,-1.0,0.0774589121107161,5.94,3.2,1779.14,123.4,221.41
-0.26,0.97,0.16,1.05,-0.26,-1.09,0.16,-0.98,1.6992806148570616,0.97,-0.01,1491.42,29.44,155.57
-0.5,0.87,0.28,1.36,-0.47,-1.49,0.31,-0.98,2.6403677542434267,1.3,-5.48,1242.96,-46.33,205.67
-0.39,0.92,0.23,1.25,-0.38,-1.34,0.24,-0.99,7.309948022148864,-0.08,-0.81,339.02,-3.78,37.74
-0.4,0.92,0.24,1.24,-0.4,-1.34,0.25,-0.99,5.322210506292877,2.7,-1.87,715.34,-11.58,169.63
-0.26,0.97,0.16,1.35,-0.26,-1.47,0.16,-1.05,3.320199944994254,1.15,-1.83,1150.57,27.6,113.22
-0.08,1.0,0.04,2.01,-0.07,-2.28,0.05,-1.23,1.1796351982348419,7.26,-12.61,1523.49,-58.91,168.46
-0.49,0.87,0.28,1.83,-0.46,-2.09,0.3,-1.09,1.420892578462063,0.05,-4.91,1533.76,99.38,163.65
-0.2,0.98,0.12,0.99,-0.2,-1.01,0.12,-0.97,4.136334031026109,3.41,-2.24,967.81,-71.54,181.37
-0.49,0.87,0.26,1.86,-0.44,-2.12,0.31,-1.1,1.6144366449564374,1.65,-12.29,1447.25,-72.38,182.59
-0.3,0.95,0.19,1.11,-0.31,-1.16,0.18,-0.98,0.2774434148836924,-0.01,-1.84,1726.24,-1.34,163.88
-0.14,0.99,0.08,1.47,-0.14,-1.61,0.09,-1.1,8.605098455647944,5.58,0.04,79.5,9.0,160.22
-0.08,1.0,0.05,1.11,-0.08,-1.15,0.05,-1.02,9.650678109346714,2.17,0.42,-128.13,11.62,72.46
-0.12,0.99,0.07,1.08,-0.12,-1.12,0.07,-1.01,9.491792002881173,0.18,-0.99,-96.61,-35.92,3.73
-0.27,0.96,0.16,1.53,-0.26,-1.68,0.16,-1.09,8.721275389011168,0.52,-0.71,57.06,-12.39,19.12
-0.13,0.99,0.07,1.62,-0.12,-1.8,0.08,-1.13,6.299874955193426,4.36,-0.51,542.28,40.42,126.18
-0.42,0.91,0.24,1.47,-0.4,-1.62,0.26,-1.03,4.011182267919912,0.22,-3.08,1003.59,10.86,113.67
-0.55,0.83,0.29,1.73,-0.49,-1.96,0.35,-1.04,6.580998822534272,5.04,0.2,493.28,71.57,191.58
-0.37,0.93,0.22,1.01,-0.36,-1.04,0.23,-0.94,0.40973483479783246,-0.71,-4.11,1678.77,-104.29,180.66
-0.2,0.98,0.13,1.05,-0.21,-1.08,0.12,-0.99,4.847545816153981,0.74,1.58,830.81,67.49,78.71
-0.11,0.99,0.07,1.44,-0.11,-1.57,0.07,-1.09,7.090714289604768,6.96,-1.11,377.45,-1.55,205.52
-0.35,0.94,0.2,1.74,-0.33,-1.95,0.21,-1.12,5.618073523928039,3.46,-1.41,662.05,42.97,136.18
-0.3,0.95,0.19,1.11,-0.31,-1.16,0.18,-0.98,4.903422040437588,1.12,-0.63,810.74,6.13,115.62
-0.44,0.9,0.26,1.09,-0.43,-1.15,0.27,-0.94,7.537363829745971,3.46,0.26,295.03,21.95,166.91
-0.12,0.99,0.06,1.87,-0.1,-2.1,0.07,-1.19,7.788775524791961,7.12,-0.06,236.04,29.13,171.63
-0.16,0.99,0.1,1.29,-0.16,-1.38,0.1,-1.05,0.9434852029128293,3.06,-2.65,1603.89,13.66,155.73
-0.39,0.92,0.23,1.25,-0.38,-1.34,0.24,-0.99,8.271380342646946,-0.05,-0.33,146.16,-0.47,17.24
-0.47,0.88,0.28,1.23,-0.47,-1.33,0.29,-0.95,2.576391502491271,-1.38,0.02,1305.93,89.18,143.12
-0.32,0.95,0.2,1.0,-0.33,-1.03,0.2,-0.95,8.917477446518827,1.91,0.38,16.05,15.12,75.04
-0.27,0.96,0.16,1.53,-0.26,-1.68,0.16,-1.09,1.8265687698511823,1.75,-3.03,1468.43,56.66,138.94
-0.43,0.9,0.24,1.34,-0.4,-1.47,0.27,-1.0,0.42929067412621924,-0.88,-4.04,1755.64,26.33,178.38
-0.09,1.0,0.05,1.53,-0.09,-1.68,0.06,-1.11,1.6487986803302201,6.96,-1.25,1500.05,95.4,204.17
-0.15,0.99,0.08,1.84,-0.14,-2.07,0.09,-1.18,3.1905632686186767,6.33,-4.93,1141.86,23.24,175.35
-0.23,0.97,0.13,1.45,-0.22,-1.59,0.14,-1.08,0.14291324510448788,4.65,-8.65,1743.78,-81.24,215.56
-0.3,0.95,0.18,1.41,-0.29,-1.53,0.18,-1.05,0.12032588904550501,3.1,-7.3,1736.51,-58.95,217.56
-0.36,0.93,0.19,1.69,-0.33,-1.89,0.22,-1.1,6.610074186392478,6.31,-1.49,467.02,15.77,196.6
-0.2,0.98,0.12,0.99,-0.2,-1.01,0.12,-0.97,9.012810644510195,4.23,-1.32,-2.55,-48.43,157.31
-0.15,0.99,0.08,1.84,-0.14,-2.07,0.09,-1.18,3.0448221222024205,6.38,-5.05,1170.51,24.08,176.94
-0.22,0.98,0.13,1.04,-0.21,-1.07,0.14,-0.98,1.2139824469864857,1.68,-1.63,1570.04,-28.07,163.51
-0.22,0.98,0.13,1.04,-0.21,-1.07,0.14,-0.98,5.104755800365321,1.96,-0.57,785.47,-7.23,122.23
-0.3,0.95,0.18,1.41,-0.29,-1.53,0.18,-1.05,0.7772441797096485,2.97,-6.85,1608.04,-58.47,205.08
-0.41,0.91,0.24,1.03,-0.41,-1.07,0.25,-0.93,5.568480950256539,-0.36,-0.79,679.99,-8.98,81.31
-0.13,0.99,0.08,1.43,-0.13,-1.55,0.08,-1.09,1.4844606444675168,6.0,-3.82,1522.74,10.87,206.61
-0.26,0.96,0.15,1.24,-0.25,-1.32,0.16,-1.02,6.025800457563509,2.34,1.04,581.76,61.94,116.45
-0.32,0.95,0.19,1.16,-0.31,-1.22,0.19,-0.99,0.3516702538780814,0.61,-3.44,1704.23,-33.87,180.32
-0.08,1.0,0.05,1.29,-0.08,-1.38,0.05,-1.06,3.1636933496135997,5.12,-3.75,1161.59,-44.39,169.68
-0.24,0.97,0.15,1.02,-0.25,-1.04,0.15,-0.97,8.407358365460286,3.01,1.55,120.47,57.32,120.49
-0.22,0.97,0.13,2.02,-0.21,-2.3,0.14,-1.21,4.339877870221125,2.58,-4.87,906.36,19.89,93.9
-0.1,1.0,0.06,1.08,-0.09,-1.12,0.06,-1.01,3.7588167396403005,4.72,-2.55,1018.43,-63.29,183.29
-0.38,0.93,0.21,1.34,-0.35,-1.46,0.23,-1.02,7.407182550137686,2.77,-1.73,326.19,-27.62,117.93
-0.39,0.92,0.23,1.25,-0.38,-1.34,0.24,-0.99,8.094266557203799,-0.05,-0.42,181.69,-1.08,21.01
-0.09,1.0,0.05,1.53,-0.09,-1.68,0.06,-1.11,3.3370170165461155,6.72,-1.35,1155.56,63.44,195.22
-0.49,0.87,0.28,1.83,-0.46,-2.09,0.3,-1.09,6.249646366846284,0.81,-1.62,556.58,38.89,79.45
-0.41,0.91,0.24,1.03,-0.41,-1.07,0.25,-0.93,4.184477841161911,-0.83,-0.99,954.25,-7.97,102.2
-0.11,0.99,0.07,1.44,-0.11,-1.57,0.07,-1.09,4.834605758260132,7.03,-1.33,823.47,25.91,214.13
-0.25,0.97,0.14,1.57,-0.23,-1.74,0.16,-1.1,8.44185074404126,0.85,-0.86,112.95,-10.97,31.07
-0.24,0.97,0.15,1.02,-0.25,-1.04,0.15,-0.97,9.751410951873575,3.17,1.23,-152.75,43.38,106.6
-0.13,0.99,0.08,1.43,-0.13,-1.55,0.08,-1.09,2.3314600747489713,5.43,-3.37,1351.13,9.51,188.13
-0.26,0.97,0.15,0.98,-0.25,-1.0,0.16,-0.96,6.899676580986242,2.76,0.86,422.58,32.71,137.75
-0.1,0.99,0.06,1.39,-0.1,-1.5,0.06,-1.08,3.5133614523392898,6.69,-2.92,1110.39,-5.25,212.52
-0.12,0.99,0.06,1.87,-0.1,-2.1,0.07,-1.19,3.4484023920598372,7.37,-3.9,1081.87,42.75,187.57
-0.53,0.85,0.31,1.61,-0.51,-1.81,0.32,-1.02,7.669513849603077,1.27,-0.22,261.89,27.8,70.73
-0.27,0.96,0.16,1.53,-0.26,-1.68,0.16,-1.09,3.2362021102173144,1.48,-2.51,1179.87,42.55,114.44
-0.44,0.9,0.23,1.75,-0.39,-1.97,0.28,-1.09,8.903443758087612,0.27,-2.1,18.95,-48.32,9.63
-0.18,0.98,0.1,1.74,-0.16,-1.95,0.11,-1.16,5.423775978134721,2.13,-3.84,721.46,-12.55,78.44
-0.38,0.93,0.2,1.51,-0.34,-1.67,0.24,-1.06,0.7535089003805784,0.7,-8.33,1617.53,-58.56,164.4
-0.44,0.9,0.25,1.53,-0.42,-1.7,0.27,-1.04,6.203012023005398,1.53,-2.06,545.72,0.31,102.32
-0.53,0.85,0.31,1.61,-0.51,-1.81,0.32,-1.02,2.6109376585816237,0.14,-7.7,1257.62,-42.55,165.81
-0.38,0.93,0.21,1.34,-0.35,-1.46,0.23,-1.02,6.564180632126608,2.53,-1.85,498.82,-18.1,127.08
-0.25,0.97,0.14,1.67,-0.24,-1.86,0.15,-1.13,7.010380981290823,6.33,-4.51,396.57,-70.45,181.32
-0.25,0.97,0.15,1.05,-0.25,-1.09,0.15,-0.98,4.579826134057842,3.12,-1.43,872.8,-30.18,175.44
-0.12,0.99,0.07,1.08,-0.12,-1.12,0.07,-1.01,4.650389521043621,2.08,-2.03,854.48,-49.8,100.1
-0.2,0.98,0.12,0.99,-0.2,-1.01,0.12,-0.97,7.221444741205179,3.94,-1.64,353.91,-56.92,166.15
-0.1,1.0,0.05,1.84,-0.09,-2.07,0.06,-1.19,9.160505165901561,1.47,-1.32,-31.43,-32.74,34.77
-0.27,0.96,0.15,1.81,-0.25,-2.04,0.17,-1.15,8.54280005024679,2.41,-0.99,90.01,-11.52,64.2
-0.27,0.96,0.15,1.81,-0.25,-2.04,0.17,-1.15,7.063772819455064,2.76,-1.76,381.21,4.25,88.19
-0.32,0.95,0.2,1.0,-0.33,-1.03,0.2,-0.95,2.1877452120468996,-0.12,0.42,1324.53,33.94,140.59
-0.25,0.97,0.14,1.67,-0.24,-1.86,0.15,-1.13,7.02757281131547,6.32,-4.49,393.15,-70.3,181.23
-0.55,0.83,0.29,1.73,-0.49,-1.96,0.35,-1.04,6.006918934972122,4.58,-0.17,610.35,77.76,193.38
-0.32,0.95,0.19,1.16,-0.31,-1.22,0.19,-0.99,2.4574940842570037,1.66,-2.25,1289.26,-16.76,174.89
-0.18,0.98,0.1,1.74,-0.16,-1.95,0.11,-1.16,2.3725953807643743,3.48,-7.06,1337.0,-16.62,129.88
-0.29,0.96,0.15,1.46,-0.26,-1.59,0.18,-1.07,7.698679766626469,5.45,0.24,265.73,29.12,173.81
-0.27,0.96,0.16,0.96,-0.26,-0.98,0.16,-0.95,2.0279490598800276,2.17,0.39,1399.49,15.69,200.21
-0.46,0.89,0.25,1.34,-0.42,-1.47,0.29,-0.99,2.7128572601928704,0.69,-1.61,1220.2,53.23,171.49
-0.06,1.0,0.03,1.01,-0.06,-1.03,0.04,-0.99,9.511308033698965,2.09,0.3,-101.6,10.69,75.31
-0.37,0.93,0.22,1.01,-0.36,-1.04,0.23,-0.94,1.3039506374832155,-0.21,-3.57,1504.02,-91.24,176.61
-0.23,0.97,0.12,1.83,-0.2,-2.05,0.14,-1.17,1.1050207331668294,4.11,-12.29,1555.6,-87.54,161.78
-0.39,0.92,0.23,1.25,-0.38,-1.34,0.24,-0.99,9.530854306606592,-0.02,0.27,-106.49,3.87,-9.62
-0.15,0.99,0.09,1.43,-0.15,-1.56,0.09,-1.08,0.5440207386877371,5.83,-1.52,1658.9,84.36,213.84
-0.43,0.9,0.24,1.38,-0.4,-1.51,0.27,-1.01,0.22245519956313964,0.66,-8.27,1721.21,-78.3,211.5
-0.33,0.94,0.18,1.76,-0.3,-1.98,0.2,-1.13,5.977539232452841,6.4,-3.16,614.43,-2.42,196.88
-0.48,0.88,0.25,1.52,-0.43,-1.69,0.3,-1.02,6.345054122859192,3.87,-3.55,526.6,-43.29,168.76
-0.48,0.88,0.25,1.76,-0.42,-1.99,0.3,-1.08,0.6658720131401885,0.99,-14.65,1683.86,-121.52,192.83
-0.39,0.92,0.24,0.94,-0.39,-0.95,0.24,-0.92,3.438990037967856,-0.39,-0.19,1105.18,-0.27,138.54
-0.23,0.97,0.14,1.25,-0.23,-1.33,0.14,-1.03,2.1902499156617825,2.11,0.71,1372.0,90.87,151.77
-0.42,0.91,0.22,1.67,-0.38,-1.87,0.26,-1.08,3.482367759433902,4.07,-7.13,1123.64,-47.86,206.06
-0.13,0.99,0.08,1.43,-0.13,-1.55,0.08,-1.09,2.630152609633977,5.25,-3.2,1290.61,9.03,181.61
-0.18,0.98,0.1,1.74,-0.16,-1.95,0.11,-1.16,8.817834022694777,0.75,-0.55,36.75,-8.01,21.22
-0.44,0.9,0.23,1.6,-0.4,-1.78,0.27,-1.06,6.074520319830144,1.58,-3.43,575.85,-27.25,100.92
-0.15,0.99,0.08,1.77,-0.13,-1.98,0.1,-1.16,2.5762039974619197,5.48,-2.97,1264.41,72.07,163.81
-0.44,0.9,0.23,1.75,-0.39,-1.97,0.28,-1.09,2.9058108938206697,0.22,-4.34,1196.19,44.36,118.6
-0.15,0.99,0.08,1.84,-0.14,-2.07,0.09,-1.18,1.1460812051714842,6.98,-6.65,1543.71,34.94,197.6
-0.35,0.94,0.2,1.32,-0.33,-1.42,0.22,-1.02,7.950750846044502,0.71,0.2,204.03,21.43,42.66
-0.26,0.97,0.16,1.35,-0.26,-1.47,0.16,-1.05,1.380422495200977,1.54,-2.97,1543.51,24.78,149.89
-0.27,0.96,0.15,1.81,-0.25,-2.04,0.17,-1.15,0.8116888580320847,4.42,-5.38,1612.13,70.92,189.6
-0.16,0.99,0.09,1.99,-0.15,-2.26,0.1,-1.22,0.7227366905950261,5.1,-11.16,1624.15,-17.65,154.1
-0.12,0.99,0.06,1.87,-0.1,-2.1,0.07,-1.19,6.626529093114559,7.18,-1.05,462.53,32.77,175.9
-0.53,0.85,0.31,1.61,-0.51,-1.81,0.32,-1.02,0.6561193957564326,-0.34,-10.91,1642.41,-69.74,202.54
-0.32,0.95,0.2,1.0,-0.33,-1.03,0.2,-0.95,1.878816295291914,-0.23,0.42,1384.59,34.81,143.6
-0.27,0.96,0.15,1.81,-0.25,-2.04,0.17,-1.15,2.0026171850359233,4.08,-4.64,1377.66,58.22,170.28
-0.25,0.97,0.14,1.04,-0.24,-1.07,0.16,-0.98,7.260690015764016,0.49,-0.95,337.08,-27.11,45.69
-0.4,0.92,0.22,1.12,-0.38,-1.18,0.25,-0.96,7.727530549752385,1.17,-1.06,253.6,-25.43,73.41
-0.08,1.0,0.04,2.01,-0.07,-2.28,0.05,-1.23,3.239446130241083,5.93,-8.87,1122.21,-38.97,139.14
-0.44,0.9,0.23,1.75,-0.39,-1.97,0.28,-1.09,8.070922330750768,0.26,-2.39,182.36,-35.46,24.76
-0.41,0.91,0.24,1.03,-0.41,-1.07,0.25,-0.93,4.065679622634683,-0.87,-1.0,977.79,-7.88,103.99
-0.23,0.97,0.12,1.83,-0.2,-2.05,0.14,-1.17,5.3821174590298115,5.61,-5.64,712.86,-46.15,162.92
-0.43,0.9,0.25,1.19,-0.41,-1.27,0.26,-0.96,2.683537248203649,0.2,-0.71,1262.91,48.42,168.58
-0.42,0.91,0.23,1.66,-0.38,-1.86,0.27,-1.08,5.917861085951436,3.29,-1.89,630.28,24.47,145.78
-0.32,0.95,0.19,1.19,-0.32,-1.26,0.2,-0.99,6.022636791214081,2.97,-2.24,599.08,-42.33,153.76
-0.13,0.99,0.07,1.62,-0.12,-1.8,0.08,-1.13,4.0725153863787265,4.77,-2.17,989.61,42.53,145.4
-0.42,0.91,0.23,1.66,-0.38,-1.86,0.27,-1.08,1.242770872726776,0.94,-6.25,1586.3,30.2,174.78
-0.15,0.99,0.08,1.77,-0.13,-1.98,0.1,-1.16,8.797599981583398,1.06,-0.52,39.84,-6.01,27.51
-0.43,0.9,0.24,1.38,-0.4,-1.51,0.27,-1.01,7.182545407181481,1.09,-2.97,356.39,-57.65,73.58
-0.39,0.92,0.23,1.25,-0.38,-1.34,0.24,-0.99,1.3744718983530513,-0.26,-4.02,1529.68,-24.26,164.3
-0.36,0.93,0.19,1.69,-0.33,-1.89,0.22,-1.1,2.965626381348736,3.71,-2.99,1179.19,59.65,183.39
-0.24,0.97,0.15,1.02,-0.25,-1.04,0.15,-0.97,0.9679734326149847,2.03,3.54,1632.77,134.51,197.35
-0.05,1.0,0.03,1.05,-0.05,-1.07,0.03,-1.0,4.550154804246298,4.59,-1.22,886.04,-30.4,166.83
-0.26,0.96,0.16,1.23,-0.26,-1.31,0.16,-1.02,6.016330076205896,0.34,-0.8,581.59,5.07,56.15
-0.19,0.98,0.11,1.25,-0.18,-1.34,0.11,-1.04,1.665794500272011,4.4,-1.86,1422.91,18.83,199.45
-0.55,0.83,0.29,1.73,-0.49,-1.96,0.35,-1.04,7.055935677489301,5.41,0.49,396.43,66.45,190.09
-0.3,0.95,0.18,1.41,-0.29,-1.53,0.18,-1.05,0.6978492758009425,2.99,-6.91,1623.57,-58.53,206.59
-0.53,0.85,0.31,1.61,-0.51,-1.81,0.32,-1.02,9.116591057323769,1.55,1.73,-22.95,47.93,43.54
-0.09,1.0,0.05,1.53,-0.09,-1.68,0.06,-1.11,7.5747525112077865,6.19,-1.59,290.83,-16.79,172.76
-0.11,0.99,0.07,1.44,-0.11,-1.57,0.07,-1.09,6.740776421601369,6.97,-1.15,446.63,2.71,206.86
-0.35,0.94,0.2,1.74,-0.33,-1.95,0.21,-1.12,8.473669250776485,3.19,-0.36,103.03,4.91,89.5
-0.24,0.97,0.15,1.02,-0.25,-1.04,0.15,-0.97,5.054364773565466,2.6,2.38,802.08,92.11,155.13
-0.27,0.96,0.15,1.81,-0.25,-2.04,0.17,-1.15,7.464774161653533,2.67,-1.55,302.26,-0.02,81.68
-0.1,1.0,0.05,1.84,-0.09,-2.07,0.06,-1.19,5.868556566960139,3.22,-4.65,613.1,-35.28,85.66
-0.53,0.85,0.31,1.66,-0.51,-1.88,0.32,-1.03,5.092120569045312,3.08,-5.45,778.81,-39.78,176.9
-0.13,0.99,0.08,1.46,-0.13,-1.59,0.08,-1.09,8.108463956888096,2.12,0.54,181.45,30.3,65.7
-0.14,0.99,0.08,1.55,-0.14,-1.7,0.09,-1.11,5.231392966489111,3.72,-2.64,748.29,-2.84,122.66
-0.53,0.85,0.31,1.66,-0.51,-1.88,0.32,-1.03,9.400116794133714,5.87,0.42,-79.74,5.62,151.73
-0.12,0.99,0.07,1.08,-0.12,-1.12,0.07,-1.01,1.3488499565814949,3.52,-2.81,1503.06,-59.26,165.81
-0.42,0.91,0.24,1.47,-0.4,-1.62,0.26,-1.03,4.493684248333402,0.23,-2.81,906.52,8.88,103.87
-0.19,0.98,0.11,1.5,-0.18,-1.65,0.11,-1.1,5.177986611090404,6.36,-1.38,743.09,26.0,202.75
-0.08,1.0,0.05,1.48,-0.08,-1.62,0.05,-1.1,3.7508515536530407,6.52,-4.46,1020.23,-37.05,193.84
-0.27,0.96,0.16,1.53,-0.26,-1.68,0.16,-1.09,8.859616373057781,0.5,-0.67,28.74,-13.78,16.72
-0.06,1.0,0.04,1.05,-0.06,-1.08,0.04,-1.0,2.4069685127283655,4.26,2.71,1314.64,104.8,164.05
-0.26,0.97,0.15,0.98,-0.25,-1.0,0.16,-0.96,5.578646360723542,2.69,0.99,688.37,38.3,155.65
-0.5,0.87,0.28,1.36,-0.47,-1.49,0.31,-0.98,5.51273386417696,2.64,-2.26,681.57,-5.74,172.6
-0.08,1.0,0.05,1.48,-0.08,-1.62,0.05,-1.1,5.502359883864081,6.1,-2.96,679.8,-25.27,179.04
-0.44,0.9,0.23,1.6,-0.4,-1.78,0.27,-1.06,7.0034277718084335,1.73,-2.67,393.0,-27.42,87.24
-0.36,0.93,0.19,1.69,-0.33,-1.89,0.22,-1.1,1.6035993806773563,2.67,-3.61,1445.35,76.05,178.46
-0.44,0.9,0.25,1.53,-0.42,-1.7,0.27,-1.04,5.7361562525132745,1.4,-2.74,636.8,-8.77,108.36
-0.47,0.88,0.25,1.86,-0.43,-2.11,0.3,-1.1,6.747506581355314,6.2,-1.15,445.78,34.76,192.4
-0.38,0.93,0.21,1.34,-0.35,-1.46,0.23,-1.02,0.9787053928833,0.81,-2.69,1642.66,44.96,187.68
-0.48,0.88,0.25,1.76,-0.42,-1.99,0.3,-1.08,5.63608977612747,0.79,-6.31,679.66,-66.89,88.8
-0.4,0.92,0.24,1.24,-0.4,-1.34,0.25,-0.99,5.364592000572922,2.71,-1.85,707.09,-11.24,169.07
-0.19,0.98,0.11,1.25,-0.18,-1.34,0.11,-1.04,5.663667481717662,3.37,-1.16,647.28,-1.84,136.09
-0.2,0.98,0.12,1.87,-0.19,-2.11,0.13,-1.18,5.085752763898713,5.03,-2.17,800.99,49.04,146.84
-0.08,1.0,0.05,1.11,-0.08,-1.15,0.05,-1.02,5.952421830099056,3.41,-0.95,600.14,-16.44,128.43
-0.26,0.97,0.16,1.05,-0.26,-1.09,0.16,-0.98,4.240422104072993,1.87,0.32,972.3,29.86,144.37
-0.4,0.92,0.22,1.12,-0.38,-1.18,0.25,-0.96,1.2883889484319788,-0.76,-3.86,1536.88,-58.14,164.21
-0.1,0.99,0.06,1.39,-0.1,-1.5,0.06,-1.08,1.627731731343871,6.87,-3.94,1492.0,-5.42,222.88
-0.43,0.9,0.24,1.34,-0.4,-1.47,0.27,-1.0,4.273501132022316,0.46,-2.98,968.19,-10.59,125.5
-0.25,0.97,0.15,1.05,-0.25,-1.09,0.15,-0.98,2.89686001703511,2.99,-2.68,1205.12,-63.25,194.53
-0.26,0.97,0.16,1.35,-0.26,-1.47,0.16,-1.05,7.699808868578365,0.36,0.5,263.38,33.98,30.42
-0.39,0.92,0.23,1.25,-0.38,-1.34,0.24,-0.99,9.119901047852164,-0.03,0.08,-24.05,2.46,-0.86
-0.26,0.96,0.15,1.24,-0.25,-1.32,0.16,-1.02,7.962796600660679,2.63,0.87,202.88,38.43,100.11
-0.1,0.99,0.06,1.39,-0.1,-1.5,0.06,-1.08,2.8169163691890855,6.75,-3.29,1251.33,-5.31,216.35
-0.19,0.98,0.11,1.24,-0.19,-1.32,0.12,-1.04,9.775232414567544,0.92,0.94,-157.75,24.18,22.07
-0.13,0.99,0.08,1.46,-0.13,-1.59,0.08,-1.09,6.72814925385469,2.84,-0.57,462.39,20.37,93.58
-0.23,0.97,0.12,1.83,-0.2,-2.05,0.14,-1.17,7.787359564933521,6.37,-2.2,238.93,-22.87,163.56
-0.27,0.96,0.16,1.53,-0.26,-1.68,0.16,-1.09,5.032003625721172,1.15,-1.89,812.27,24.56,83.23
-0.19,0.98,0.11,1.24,-0.19,-1.32,0.12,-1.04,5.765175577213807,1.87,0.53,658.26,49.26,92.45
-0.44,0.9,0.23,1.75,-0.39,-1.97,0.28,-1.09,5.549026648854775,0.24,-3.31,677.37,3.52,70.57
-0.53,0.85,0.31,1.66,-0.51,-1.88,0.32,-1.03,5.756599767594545,3.52,-4.5,646.39,-32.78,173.01
-0.43,0.9,0.24,1.34,-0.4,-1.47,0.27,-1.0,6.110916319434939,1.04,-2.52,591.81,-28.24,100.22
-0.3,0.95,0.18,1.41,-0.29,-1.53,0.18,-1.05,6.729816242901045,1.95,-3.12,443.96,-54.09,92.02
-0.24,0.97,0.15,1.02,-0.25,-1.04,0.15,-0.97,5.416363842230027,2.64,2.3,728.49,88.36,151.39
-0.48,0.88,0.25,1.52,-0.43,-1.69,0.3,-1.02,4.4268896870004095,3.02,-4.72,907.06,-33.14,186.68
-0.06,1.0,0.03,1.01,-0.06,-1.03,0.04,-0.99,9.673457388486709,2.04,0.36,-133.82,12.81,73.02
-0.27,0.96,0.15,1.81,-0.25,-2.04,0.17,-1.15,3.7784520032188595,3.6,-3.59,1028.03,39.28,141.48
-0.2,0.98,0.13,1.05,-0.21,-1.08,0.12,-0.99,2.0469554689536142,1.27,2.19,1391.15,94.87,131.07
-0.25,0.97,0.14,1.35,-0.24,-1.46,0.16,-1.05,7.08131900341029,2.32,-2.48,375.09,-47.03,94.4
-0.4,0.92,0.24,1.24,-0.4,-1.34,0.25,-0.99,6.189222025309784,2.93,-1.3,546.7,-4.74,158.31
-0.25,0.97,0.15,1.05,-0.25,-1.09,0.15,-0.98,1.5700103941506327,2.87,-3.72,1467.12,-89.33,209.57
-0.16,0.99,0.1,1.29,-0.16,-1.38,0.1,-1.05,5.751450277524252,1.72,-1.0,646.72,6.38,80.07
-0.1,1.0,0.05,1.84,-0.09,-2.07,0.06,-1.19,9.117152681897458,1.5,-1.34,-22.94,-32.77,35.44
-0.25,0.97,0.14,1.35,-0.24,-1.46,0.16,-1.05,3.468115017070442,3.24,-6.05,1081.46,-97.94,162.89
-0.48,0.88,0.25,1.76,-0.42,-1.99,0.3,-1.08,2.6694715708515773,0.91,-11.15,1279.04,-99.49,150.89
-0.49,0.87,0.28,1.83,-0.46,-2.09,0.3,-1.09,5.554124116855038,0.71,-2.07,697.33,47.61,91.58
-0.27,0.96,0.16,1.53,-0.26,-1.68,0.16,-1.09,0.25072974733821085,2.07,-3.64,1791.01,72.45,166.32
-0.06,1.0,0.04,1.05,-0.06,-1.08,0.04,-1.0,2.187655000442872,4.41,2.76,1358.37,106.55,169.45
-0.16,0.99,0.09,1.99,-0.15,-2.26,0.1,-1.22,5.941786778119637,3.0,-2.32,600.08,28.58,84.4
-0.22,0.98,0.11,2.06,-0.19,-2.35,0.14,-1.22,4.904150111446329,7.03,-6.61,838.08,-23.82,179.53
-0.55,0.83,0.29,1.73,-0.49,-1.96,0.35,-1.04,5.894404182486954,4.49,-0.24,633.29,78.97,193.73
-0.15,0.99,0.09,1.43,-0.15,-1.56,0.09,-1.08,5.738242807166092,4.84,-1.49,639.89,7.62,158.93
-0.2,0.98,0.12,0.99,-0.2,-1.01,0.12,-0.97,6.83863351455115,3.88,-1.71,430.09,-58.73,168.04
-0.53,0.85,0.31,1.66,-0.51,-1.88,0.32,-1.03,8.830561857947592,5.52,-0.32,33.77,-0.39,155.06
-0.12,0.99,0.06,1.83,-0.11,-2.06,0.08,-1.18,1.1259293140967663,7.42,-6.36,1549.73,39.37,197.14
-0.28,0.96,0.16,1.27,-0.27,-1.37,0.17,-1.03,7.5830063322347465,0.84,-0.31,276.8,7.47,48.67
-0.25,0.97,0.15,1.05,-0.25,-1.09,0.15,-0.98,2.6507140000752716,2.96,-2.87,1253.72,-68.09,197.32
-0.09,1.0,0.05,1.53,-0.09,-1.68,0.06,-1.11,1.029157968145471,7.04,-1.21,1626.49,107.13,207.45
-0.43,0.9,0.25,1.19,-0.41,-1.27,0.26,-0.96,3.486289900237176,0.52,-0.42,1102.41,48.51,158.48
-0.43,0.9,0.24,1.34,-0.4,-1.47,0.27,-1.0,7.007972175256296,1.3,-2.31,408.05,-36.85,87.88
-0.41,0.91,0.24,1.03,-0.41,-1.07,0.25,-0.93,0.09036919544600952,-2.34,-1.63,1765.54,-4.98,164.0
-0.14,0.99,0.08,1.55,-0.14,-1.7,0.09,-1.11,4.068696471873734,4.25,-3.91,979.15,-14.81,142.59
-0.26,0.96,0.15,1.24,-0.25,-1.32,0.16,-1.02,3.401366886806657,1.9,1.28,1095.1,93.78,138.58
-0.46,0.89,0.25,1.34,-0.42,-1.47,0.29,-0.99,8.993323413442972,4.37,-0.54,1.3,-15.26,139.58
-0.25,0.97,0.14,1.35,-0.24,-1.46,0.16,-1.05,3.9687614567097826,3.12,-5.54,983.58,-90.89,153.4
-0.41,0.91,0.24,1.34,-0.4,-1.46,0.25,-1.0,9.099056763396716,0.17,0.6,-20.21,19.06,5.84
-0.18,0.98,0.1,1.74,-0.16,-1.95,0.11,-1.16,4.630564748974675,2.48,-4.67,881.48,-13.61,91.81
-0.13,0.99,0.07,1.49,-0.12,-1.63,0.08,-1.1,1.1595861354888415,5.72,-5.62,1521.04,-22.1,192.2
-0.15,0.99,0.08,1.77,-0.13,-1.98,0.1,-1.16,1.3747373815311037,6.43,-3.5,1500.9,87.15,190.13
-0.12,0.99,0.06,1.83,-0.11,-2.06,0.08,-1.18,3.6534751746680296,7.05,-4.36,1052.27,23.08,182.7
-0.19,0.98,0.11,1.5,-0.18,-1.65,0.11,-1.1,0.7937486646703928,5.57,-4.37,1595.48,23.27,211.61
-0.15,0.99,0.08,1.77,-0.13,-1.98,0.1,-1.16,0.2726116842660553,7.33,-3.99,1717.84,100.98,214.28
-0.47,0.88,0.25,1.86,-0.43,-2.11,0.3,-1.1,9.940570174260278,8.58,3.66,-186.14,68.3,196.77
-0.26,0.97,0.16,1.05,-0.26,-1.09,0.16,-0.98,2.0915818759381777,1.11,0.04,1411.27,29.5,153.84
-0.23,0.97,0.14,1.25,-0.23,-1.33,0.14,-1.03,4.7644466729992185,2.51,0.81,853.36,68.77,132.58
-0.32,0.95,0.19,1.16,-0.31,-1.22,0.19,-0.99,2.7087887894464435,1.78,-2.12,1239.74,-14.72,174.24
-0.42,0.91,0.24,1.44,-0.4,-1.59,0.26,-1.03,9.642368972570445,0.82,-2.01,-124.68,-68.55,12.59
-0.43,0.9,0.25,1.19,-0.41,-1.27,0.26,-0.96,4.459817527905539,0.89,-0.08,907.76,48.62,146.22
-0.16,0.99,0.09,1.99,-0.15,-2.26,0.1,-1.22,9.276533430859914,1.79,2.73,-54.26,58.11,39.87
-0.12,0.99,0.07,1.08,-0.12,-1.12,0.07,-1.01,9.99270596572711,-0.0,-0.89,-195.02,-34.48,-6.24
-0.35,0.94,0.2,1.32,-0.33,-1.42,0.22,-1.02,3.736310436417133,0.8,-4.5,1023.55,-61.65,120.02
-0.44,0.9,0.26,1.09,-0.43,-1.15,0.27,-0.94,4.561212809985491,1.23,-2.13,895.34,-35.06,169.18
-0.38,0.93,0.2,1.51,-0.34,-1.67,0.24,-1.06,0.25471346948421236,0.52,-8.89,1715.37,-61.71,168.93
-0.19,0.98,0.11,1.25,-0.18,-1.34,0.11,-1.04,5.773367082902684,3.34,-1.14,626.0,-2.41,134.36
-0.53,0.85,0.31,1.61,-0.51,-1.81,0.32,-1.02,3.023917258899782,0.24,-7.04,1176.33,-36.81,158.04
-0.32,0.95,0.19,1.16,-0.31,-1.22,0.19,-0.99,7.508037869540676,3.97,0.35,294.0,24.27,161.86
-0.14,0.99,0.08,1.55,-0.14,-1.7,0.09,-1.11,4.283182829990774,4.16,-3.67,936.57,-12.6,138.91
-0.13,0.99,0.07,1.49,-0.12,-1.63,0.08,-1.1,1.0389969217624706,5.73,-5.75,1544.43,-23.24,192.87
-0.27,0.96,0.16,0.96,-0.26,-0.98,0.16,-0.95,1.5306390066270814,2.08,0.44,1499.32,17.39,205.33
-0.41,0.91,0.24,1.03,-0.41,-1.07,0.25,-0.93,6.968230924672298,0.09,-0.6,402.62,-10.0,60.18
-0.1,1.0,0.05,1.84,-0.09,-2.07,0.06,-1.19,7.544369111079828,2.31,-2.9,285.0,-33.99,59.75
-0.27,0.96,0.15,1.81,-0.25,-2.04,0.17,-1.15,8.68005419029762,2.38,-0.92,62.99,-12.98,61.97
-0.41,0.91,0.24,1.03,-0.41,-1.07,0.25,-0.93,1.7976075306916972,-1.7,-1.35,1427.23,-6.22,138.23
-0.15,0.99,0.08,1.84,-0.14,-2.07,0.09,-1.18,7.801732245742155,4.99,-1.38,235.52,-3.13,125.18
-0.22,0.98,0.11,2.06,-0.19,-2.35,0.14,-1.22,5.15999439386567,7.14,-6.14,785.73,-21.67,180.26
-0.23,0.97,0.13,1.45,-0.22,-1.59,0.14,-1.08,4.693733767821331,2.37,-3.63,847.82,-30.75,112.58
-0.42,0.91,0.23,1.66,-0.38,-1.86,0.27,-1.08,0.8041550135195907,0.7,-6.69,1675.99,30.74,177.5
-0.4,0.92,0.22,1.12,-0.38,-1.18,0.25,-0.96,6.866960605938154,0.93,-1.4,425.1,-29.8,85.54
-0.19,0.98,0.11,1.25,-0.18,-1.34,0.11,-1.04,2.9199891255272172,4.06,-1.63,1179.59,12.35,179.58
-0.27,0.96,0.16,1.53,-0.26,-1.68,0.16,-1.09,6.477228145064739,0.89,-1.41,516.42,10.08,58.12
-0.14,0.99,0.08,1.55,-0.14,-1.7,0.09,-1.11,1.059847202553843,5.7,-7.38,1576.59,-45.78,194.16
-0.43,0.9,0.25,1.19,-0.41,-1.27,0.26,-0.96,8.788746210697127,2.45,1.35,42.24,49.12,91.72
-0.28,0.96,0.16,1.8,-0.27,-2.03,0.17,-1.15,4.028522918520803,3.12,-9.07,994.03,-89.73,131.75
-0.25,0.97,0.14,1.67,-0.24,-1.86,0.15,-1.13,9.44624291331705,6.64,-1.61,-88.95,-48.69,168.12
-0.48,0.88,0.25,1.52,-0.43,-1.69,0.3,-1.02,3.9325683998304384,2.79,-5.03,1005.11,-30.52,191.3
-0.26,0.96,0.15,1.24,-0.25,-1.32,0.16,-1.02,7.369562942801455,2.54,0.92,318.91,45.63,105.12
-0.2,0.98,0.13,1.05,-0.21,-1.08,0.12,-0.99,4.853943836260626,0.74,1.57,829.53,67.43,78.59
-0.14,0.99,0.08,1.55,-0.14,-1.7,0.09,-1.11,2.4960572190674934,5.0,-5.69,1291.42,-31.0,169.54
-0.4,0.92,0.23,1.47,-0.38,-1.63,0.25,-1.04,2.541213903056523,-0.0,-2.27,1255.61,55.58,128.2
-0.55,0.83,0.29,1.73,-0.49,-1.96,0.35,-1.04,5.467213055786364,4.15,-0.51,720.41,83.58,195.07
-0.15,0.99,0.09,1.43,-0.15,-1.56,0.09,-1.08,0.013066087529034487,5.94,-1.52,1763.06,92.21,219.45
-0.15,0.99,0.08,1.84,-0.14,-2.07,0.09,-1.18,8.198864840219418,4.88,-1.1,157.47,-5.4,120.86
-0.38,0.92,0.23,0.95,-0.38,-0.97,0.23,-0.92,1.5067635986988892,-0.82,-0.57,1454.33,-8.69,164.72
-0.4,0.92,0.23,1.47,-0.38,-1.63,0.25,-1.04,2.8060107162399572,0.05,-2.25,1204.13,51.22,124.31
-0.42,0.91,0.24,1.47,-0.4,-1.62,0.26,-1.03,4.010849943404207,0.22,-3.08,1003.65,10.87,113.68
-0.06,1.0,0.04,1.05,-0.06,-1.08,0.04,-1.0,2.841359226871545,3.96,2.62,1228.02,101.34,153.35
-0.08,1.0,0.05,1.11,-0.08,-1.15,0.05,-1.02,2.6520268348477205,4.62,-2.27,1250.07,-41.48,178.37
-0.25,0.97,0.14,1.57,-0.23,-1.74,0.16,-1.1,4.353192301332961,2.89,-4.25,940.35,-19.74,129.31
-0.12,0.99,0.06,1.83,-0.11,-2.06,0.08,-1.18,2.363641827373184,7.23,-5.36,1306.13,31.4,190.07
-0.2,0.98,0.12,1.87,-0.19,-2.11,0.13,-1.18,0.0732864103162878,6.44,-7.49,1826.71,62.78,210.53
-0.16,0.99,0.09,1.99,-0.15,-2.26,0.1,-1.22,4.15429290565258,3.69,-5.21,950.81,12.74,108.27
-0.2,0.98,0.12,1.87,-0.19,-2.11,0.13,-1.18,8.982757590817851,4.08,1.51,3.53,38.36,97.32
-0.28,0.96,0.16,1.27,-0.27,-1.37,0.17,-1.03,2.4967476947210954,0.9,-5.0,1270.36,-71.45,124.11
-0.44,0.9,0.25,1.53,-0.42,-1.7,0.27,-1.04,4.3861572685036325,1.02,-4.75,900.2,-35.03,125.83
-0.1,1.0,0.05,1.84,-0.09,-2.07,0.06,-1.19,4.526350185570156,3.97,-6.1,875.9,-36.31,106.41
-0.49,0.87,0.26,1.86,-0.44,-2.12,0.31,-1.1,2.8078656538808344,2.51,-9.96,1213.39,-56.63,179.06
-0.1,0.99,0.06,1.39,-0.1,-1.5,0.06,-1.08,2.3474100560477087,6.8,-3.54,1346.35,-5.35,218.93
-0.25,0.97,0.15,1.05,-0.25,-1.09,0.15,-0.98,3.478093678259243,3.03,-2.24,1090.35,-51.83,187.94
-0.13,0.99,0.07,1.49,-0.12,-1.63,0.08,-1.1,2.7543067186041847,5.63,-3.99,1211.66,-7.01,183.37
-0.41,0.91,0.24,1.34,-0.4,-1.46,0.25,-1.0,4.393480655109459,-0.25,-3.0,939.97,-14.42,99.13
-0.16,0.99,0.09,1.99,-0.15,-2.26,0.1,-1.22,4.368389606161552,3.6,-4.86,908.8,14.64,105.41
-0.15,0.99,0.08,1.84,-0.14,-2.07,0.09,-1.18,3.0729766267028156,6.37,-5.03,1164.97,23.92,176.63
-0.43,0.9,0.25,1.72,-0.41,-1.94,0.26,-1.09,4.407857814719543,1.43,-2.36,933.55,55.17,125.88
-0.2,0.98,0.12,0.99,-0.2,-1.01,0.12,-0.97,9.141182623710675,4.25,-1.29,-28.09,-47.82,156.67
-0.26,0.96,0.16,1.23,-0.26,-1.31,0.16,-1.02,9.271886114090435,0.03,-0.96,-53.0,-32.58,-1.48
-0.42,0.91,0.24,1.44,-0.4,-1.59,0.26,-1.03,9.173620223084637,0.82,-2.05,-33.7,-61.37,22.32
-0.25,0.97,0.14,1.67,-0.24,-1.86,0.15,-1.13,9.945791562586233,6.7,-1.04,-188.52,-44.23,165.41
-0.22,0.98,0.11,2.06,-0.19,-2.35,0.14,-1.22,6.304404791711232,7.61,-4.12,551.56,-12.07,183.54
-0.32,0.95,0.19,1.16,-0.31,-1.22,0.19,-0.99,0.9237018188844792,0.9,-3.11,1591.51,-29.22,178.84
-0.49,0.87,0.26,1.86,-0.44,-2.12,0.31,-1.1,6.3648820733268705,4.87,-3.48,516.37,-9.68,168.54
-0.19,0.98,0.11,1.25,-0.18,-1.34,0.11,-1.04,5.199417704730935,3.48,-1.24,737.35,0.56,143.45
-0.37,0.93,0.22,1.01,-0.36,-1.04,0.23,-0.94,5.3211607896225015,1.95,-1.3,718.95,-32.63,158.44
-0.28,0.96,0.16,1.27,-0.27,-1.37,0.17,-1.03,2.3525862026942654,0.89,-5.13,1298.52,-73.69,126.25
-0.1,1.0,0.06,1.08,-0.09,-1.12,0.06,-1.01,5.136521187400599,4.91,-2.25,750.72,-59.95,184.43
-0.28,0.96,0.16,1.27,-0.27,-1.37,0.17,-1.03,5.332739930497566,0.86,-2.31,716.37,-27.45,82.05
-0.11,0.99,0.07,1.44,-0.11,-1.57,0.07,-1.09,5.404421773031509,7.01,-1.27,710.82,18.97,211.96
-0.44,0.9,0.23,1.6,-0.4,-1.78,0.27,-1.06,1.1788592726513025,0.67,-7.78,1539.51,-26.34,173.03
-0.25,0.97,0.14,1.67,-0.24,-1.86,0.15,-1.13,6.088219404684894,6.2,-5.66,580.38,-78.69,186.32
-0.13,0.99,0.07,1.49,-0.12,-1.63,0.08,-1.1,0.7188885724575933,5.75,-6.08,1606.53,-26.27,194.64
-0.22,0.97,0.13,2.02,-0.21,-2.3,0.14,-1.21,3.937383564748954,2.73,-5.09,984.65,26.54,100.74
-0.14,0.99,0.08,1.47,-0.14,-1.61,0.09,-1.1,4.672031757306324,6.07,-1.65,871.27,24.74,193.42
-0.39,0.92,0.23,1.25,-0.38,-1.34,0.24,-0.99,9.421037532673722,-0.02,0.22,-84.46,3.5,-7.28
-0.38,0.93,0.21,1.34,-0.35,-1.46,0.23,-1.02,5.0795130927823156,2.1,-2.06,802.86,-1.34,143.19
-0.44,0.9,0.25,1.53,-0.42,-1.7,0.27,-1.04,2.765544156191655,0.57,-7.24,1216.4,-66.56,146.81
